SALE TYPE,SOLD DATE,PROPERTY TYPE,ADDRESS,CITY,STATE,ZIP,PRICE,BEDS,BATHS,LOCATION,SQUARE FEET,LOT SIZE,YEAR BUILT,DAYS ON MARKET,$/SQUARE FEET,HOA/MONTH,STATUS,NEXT OPEN HOUSE START TIME,NEXT OPEN HOUSE END TIME,URL (SEE http://www.redfin.com/buy-a-home/comparative-market-analysis FOR INFO ON PRICING),SOURCE,MLS#,FAVORITE,INTERESTED,LATITUDE,LONGITUDE
MLS Listing,,Single Family Residential,8527 Densmore Ave N,Seattle,WA,98103,679000,2,2,Green Lake,1340,5001,1940,1,507,,Active,February-24-2018 11:00 AM,February-24-2018 01:00 PM,http://www.redfin.com/WA/Seattle/8527-Densmore-Ave-N-98103/home/104616,NWMLS,1246172,N,Y,47.6913554,-122.3383979
MLS Listing,,Townhouse,115 W Comstock St,Seattle,WA,98119,1495000,3,2.5,Queen Anne,2123,64256,1998,1,704,674,Active,February-24-2018 11:00 AM,February-24-2018 01:00 PM,http://www.redfin.com/WA/Seattle/115-W-Comstock-St-98119/unit-115/home/144902948,NWMLS,1247570,N,Y,47.630316,-122.3585495
MLS Listing,,Townhouse,100 W Highland Dr #115,Seattle,WA,98119,1495000,3,2.5,Queen Anne,2123,64256,1998,1,704,674,Active,February-24-2018 11:00 AM,February-24-2018 01:00 PM,http://www.redfin.com/WA/Seattle/100-W-Highland-Dr-98119/unit-115/home/64056,NWMLS,1247390,N,Y,47.6300825,-122.3587157
MLS Listing,,Single Family Residential,445 SW 111th St,Seattle,WA,98146,599000,3,2.5,Shorewood,2420,3600,2015,4,248,70,Active,,,http://www.redfin.com/WA/Seattle/445-SW-111th-St-98146/home/55551032,NWMLS,1245024,N,Y,47.5041025,-122.3404658
MLS Listing,,Single Family Residential,2465 S Edmunds St,Seattle,WA,98108,645000,4,1.75,Beacon Hill,2620,5115,1954,5,246,,Active,,,http://www.redfin.com/WA/Seattle/2465-S-Edmunds-St-98108/home/478498,NWMLS,1243350,N,Y,47.5593604,-122.3016411
MLS Listing,,Single Family Residential,4523 SW Hill St,Seattle,WA,98116,970000,4,1.75,North Admiral,2180,3120,1930,5,445,,Active,,,http://www.redfin.com/WA/Seattle/4523-SW-Hill-St-98116/home/331669,NWMLS,1245679,N,Y,47.5852479,-122.3901649
MLS Listing,,Condo/Co-op,1760 NW 56th St #601,Seattle,WA,98107,550000,1,1,Ballard,763,23398,2016,5,721,286,Active,,,http://www.redfin.com/WA/Seattle/1760-NW-56th-St-98107/unit-601/home/81073322,NWMLS,1245127,N,Y,47.6696482,-122.3815724
MLS Listing,,Townhouse,6498 SW Stevens St,Seattle,WA,98116,850000,3,2.25,Alki,1540,1297,2015,5,552,,Active,,,http://www.redfin.com/WA/Seattle/6498-SW-Stevens-St-98116/home/69356428,NWMLS,1244621,N,Y,47.57708934,-122.4161183
MLS Listing,,Condo/Co-op,1120 8th Ave #1203,Seattle,WA,98101,849900,3,1.75,First Hill,1305,14422,1970,6,651,603,Active,,,http://www.redfin.com/WA/Seattle/1120-8th-Ave-98101/unit-1203/home/49695,NWMLS,1244764,N,Y,47.609287,-122.329259
MLS Listing,,Single Family Residential,7117 31st Ave SW,Seattle,WA,98126,650000,4,2.5,Westwood,1850,5040,1930,6,351,,Active,,,http://www.redfin.com/WA/Seattle/7117-31st-Ave-SW-98126/home/473106,NWMLS,1244547,N,Y,47.5386073,-122.372852
MLS Listing,,Townhouse,725 N 94th St Unit B,Seattle,WA,98103,625000,3,2.5,Greenwood,1540,1157,2009,6,406,,Active,,,http://www.redfin.com/WA/Seattle/725-N-94th-St-98103/unit-B/home/22808380,NWMLS,1243325,N,Y,47.6965781,-122.3488648
MLS Listing,,Condo/Co-op,2911 2nd Ave #511,Seattle,WA,98121,548000,1,1,Belltown,603,,2008,6,909,380,Active,,,http://www.redfin.com/WA/Seattle/2911-2nd-Ave-98121/unit-511/home/21616595,NWMLS,1244578,N,Y,47.6176091,-122.3523038
MLS Listing,,Condo/Co-op,1125 93rd St #2,Seattle,WA,98103,299000,1,1,Licton Springs,652,9619,1987,7,459,425,Active,,,http://www.redfin.com/WA/Seattle/1125-N-93rd-St-98103/unit-2/home/28624905,NWMLS,1244650,N,Y,47.6961444,-122.3433191
MLS Listing,,Townhouse,224 12th Ave E Unit A,Seattle,WA,98102,1088000,3,2.5,Capitol Hill,2020,1308,2009,13,539,,Active,,,http://www.redfin.com/WA/Seattle/224-12th-Ave-E-98102/unit-A/home/39610689,NWMLS,1241765,N,Y,47.6206603,-122.3166709
MLS Listing,,Condo/Co-op,510 Lakeside Ave S #12,Seattle,WA,98144,630000,2,1.75,Leschi,785,12375,1982,13,803,624,Active,,,http://www.redfin.com/WA/Seattle/510-Lakeside-Ave-S-98144/unit-12/home/25667,NWMLS,1240967,N,Y,47.5974334,-122.2866727
MLS Listing,,Single Family Residential,1021 N 46th St,Seattle,WA,98103,859000,2,1.75,Wallingford,1740,2316,1923,20,494,,Active,,,http://www.redfin.com/WA/Seattle/1021-N-46th-St-98103/home/119098,NWMLS,1239807,N,Y,47.6619496,-122.3450833
MLS Listing,,Single Family Residential,7958 32nd Ave SW,Seattle,WA,98126,849950,5,2.5,Westwood Village,3200,7680,1925,26,266,,Active,February-25-2018 01:00 PM,February-25-2018 03:00 PM,http://www.redfin.com/WA/Seattle/7958-32nd-Ave-SW-98126/home/471865,NWMLS,1235948,N,Y,47.530258,-122.37355
MLS Listing,,Townhouse,3631 Courtland Place S Unit B,Seattle,WA,98144,595000,2,1.75,Mt Baker,1260,670,2016,27,472,110,Active,,,http://www.redfin.com/WA/Seattle/3631-Courtland-Pl-S-98144/unit-B/home/109661015,NWMLS,1236988,N,Y,47.5705974,-122.2873326
MLS Listing,,Townhouse,1318 S Atlantic St,Seattle,WA,98144,749888,2,1.25,Beacon Hill,1090,845,2017,33,688,,Active,February-20-2018 11:00 AM,February-20-2018 01:00 PM,http://www.redfin.com/WA/Seattle/1318-S-Atlantic-St-98144/home/113178822,NWMLS,1234698,N,Y,47.5901353,-122.3152239
MLS Listing,,Condo/Co-op,8001 Sand Point Wy NE Unit C53,Seattle,WA,98115,649900,2,1.75,Sand Point,1353,361500,1974,69,480,654,Active,,,http://www.redfin.com/WA/Seattle/8001-Sand-Point-Way-NE-98115/unit-C53/home/109319767,NWMLS,1225672,N,Y,47.686693,-122.2651844
MLS Listing,,Townhouse,1 Ward St Unit C,Seattle,WA,98109,1340000,2,2.5,Queen Anne,2235,10809,1909,134,600,932,Active,,,http://www.redfin.com/WA/Seattle/1-Ward-St-98109/unit-C/home/21616713,NWMLS,1203527,N,Y,47.6278362,-122.3563414
MLS Listing,,Single Family Residential,10702 19th Ave SW,Seattle,WA,98146,529950,4,2,Shorewood,1840,8573,1929,1,288,,Active,February-21-2018 11:00 AM,February-21-2018 01:00 PM,http://www.redfin.com/WA/Seattle/10702-19th-Ave-SW-98146/home/180060,NWMLS,1247540,N,Y,47.5069329,-122.358749
MLS Listing,,Single Family Residential,1514 NE 68th St,Seattle,WA,98115,675000,3,2,Roosevelt,1360,3060,1919,1,496,,Active,February-21-2018 05:00 PM,February-21-2018 07:00 PM,http://www.redfin.com/WA/Seattle/1514-NE-68th-St-98115/home/310699,NWMLS,1247811,N,Y,47.6777854,-122.3111964
MLS Listing,,Townhouse,5017 37th Ave S Unit A,Seattle,WA,98118,600000,2,1.5,Columbia City,1303,2039,2007,1,460,,Active,,,http://www.redfin.com/WA/Seattle/5017-37th-Ave-S-98118/unit-A/home/172020,NWMLS,1243886,N,Y,47.5565205,-122.2863938
MLS Listing,,Condo/Co-op,1760 N Northlake Wy #321,Seattle,WA,98103,635000,2,1.75,Wallingford,970,,2002,1,655,500,Active,February-21-2018 11:30 AM,February-21-2018 01:30 PM,http://www.redfin.com/WA/Seattle/1760-N-Northlake-Way-98103/unit-321/home/144903576,NWMLS,1241783,N,Y,47.6475623,-122.3370478
MLS Listing,,Condo/Co-op,1200 Howell St #3305,Seattle,WA,98101,1279950,2,2,Denny Triangle,1063,,2019,1,1204,917,Active,,,http://www.redfin.com/WA/Seattle/1200-Howell-St-98101/unit-3305/home/144900835,NWMLS,1247773,N,Y,47.6171177,-122.3307008
MLS Listing,,Condo/Co-op,103 Bellevue Ave E #308,Seattle,WA,98102,400000,1,1,Capitol Hill,538,10996,2003,1,743,394,Active,February-22-2018 10:00 AM,February-22-2018 12:00 PM,http://www.redfin.com/WA/Seattle/103-Bellevue-Ave-E-98102/unit-308/home/2073089,NWMLS,1245028,N,Y,47.6187144,-122.3270677
MLS Listing,,Condo/Co-op,1200 Howell St #3405,Seattle,WA,98101,1299950,2,2,Denny Triangle,1063,,2019,1,1223,917,Active,,,http://www.redfin.com/WA/Seattle/1200-Howell-St-98101/unit-3405/home/144900833,NWMLS,1247723,N,Y,47.6171177,-122.3307008
MLS Listing,,Single Family Residential,7513 55th Place NE,Seattle,WA,98115,1395000,3,2.25,View Ridge,2880,7128,1985,1,484,,Active,February-21-2018 11:00 AM,February-21-2018 01:00 PM,http://www.redfin.com/WA/Seattle/7513-55th-Pl-NE-98115/home/321889,NWMLS,1241237,N,Y,47.6836851,-122.268467
MLS Listing,,Single Family Residential,909 W Emerson St,Seattle,WA,98119,749000,3,1.5,Queen Anne,1720,6875,1920,1,435,,Active,February-20-2018 10:30 AM,February-20-2018 02:00 PM,http://www.redfin.com/WA/Seattle/909-W-Emerson-St-98119/home/130302,NWMLS,1239333,N,Y,47.652348,-122.3700267
MLS Listing,,Single Family Residential,7526 14th Ave SW,Seattle,WA,98106,350000,3,1,Highland Park,1340,4000,1930,1,261,,Active,February-24-2018 01:00 PM,February-24-2018 04:00 PM,http://www.redfin.com/WA/Seattle/7526-14th-Ave-SW-98106/home/161164,NWMLS,1247092,N,Y,47.5347019,-122.3525226
MLS Listing,,Condo/Co-op,2125 1st Ave #1506,Seattle,WA,98121,1448000,2,1.75,Downtown,1233,,1981,1,1174,1289,Active,February-20-2018 11:00 AM,February-20-2018 01:00 PM,http://www.redfin.com/WA/Seattle/2125-1st-Ave-98121/unit-1506/home/53971,NWMLS,1243863,N,Y,47.6121893,-122.3451826
MLS Listing,,Condo/Co-op,654 W Olympic Place #202,Seattle,WA,98119,589950,2,2,Queen Anne,1075,,1968,1,549,535,Active,February-24-2018 01:00 PM,February-24-2018 04:00 PM,http://www.redfin.com/WA/Seattle/654-W-Olympic-Pl-98119/unit-202/home/57166,NWMLS,1247440,N,Y,47.6280102,-122.3662345
MLS Listing,,Single Family Residential,2200 NW 67th St,Seattle,WA,98117,740000,3,1,Loyal Heights,1300,5100,1915,1,569,,Active,,,http://www.redfin.com/WA/Seattle/2200-NW-67th-St-98117/home/163578,NWMLS,1247328,N,Y,47.6778678,-122.3844893
MLS Listing,,Single Family Residential,12541 9th Ave NW,Seattle,WA,98177,1300000,5,2.5,Broadview,3890,8750,1962,1,334,,Active,February-21-2018 12:00 PM,February-21-2018 02:00 PM,http://www.redfin.com/WA/Seattle/12541-9th-Ave-NW-98177/home/290919,NWMLS,1244850,N,Y,47.7208786,-122.3680237
MLS Listing,,Single Family Residential,2802 NW 66th St,Seattle,WA,98117,709000,3,1,Sunset Hill,1960,5900,1945,1,362,,Active,February-21-2018 12:00 PM,February-21-2018 02:00 PM,http://www.redfin.com/WA/Seattle/2802-NW-66th-St-98117/home/165519,NWMLS,1244598,N,Y,47.6767913,-122.3932377
MLS Listing,,Single Family Residential,12821 78th Ave S,Seattle,WA,98178,270000,2,1,Earlington,770,7000,1950,1,351,,Active,,,http://www.redfin.com/WA/Seattle/12821-78th-Ave-S-98178/home/195548,NWMLS,1247139,N,Y,47.4877398,-122.2358959
MLS Listing,,Condo/Co-op,1200 Howell St Ph 102,Seattle,WA,98101,2199950,2,2.5,Denny Triangle,1395,,2019,1,1577,1203,Active,,,http://www.redfin.com/WA/Seattle/1200-Howell-St-98101/unit-102/home/144900855,NWMLS,1247625,N,Y,47.6171177,-122.3307008
MLS Listing,,Condo/Co-op,1200 Howell St Ph 103,Seattle,WA,98101,2300000,3,2,Denny Triangle,1504,,2019,1,1529,1298,Active,,,http://www.redfin.com/WA/Seattle/1200-Howell-St-98101/unit-103/home/144900854,NWMLS,1247626,N,Y,47.6171177,-122.3307008
MLS Listing,,Condo/Co-op,1200 Howell St Ph 104,Seattle,WA,98101,2100000,2,2,Denny Triangle,1455,,2019,1,1443,1255,Active,,,http://www.redfin.com/WA/Seattle/1200-Howell-St-98101/unit-104/home/144900853,NWMLS,1247628,N,Y,47.6171177,-122.3307008
MLS Listing,,Condo/Co-op,1200 Howell St Ph 200,Seattle,WA,98101,2300000,3,2,Denny Triangle,1568,,2019,1,1467,1355,Active,,,http://www.redfin.com/WA/Seattle/1200-Howell-St-98101/unit-200/home/144900852,NWMLS,1247632,N,Y,47.6171177,-122.3307008
MLS Listing,,Condo/Co-op,1200 Howell St Ph 201,Seattle,WA,98101,2200000,3,2,Denny Triangle,1500,,2019,1,1467,1294,Active,,,http://www.redfin.com/WA/Seattle/1200-Howell-St-98101/unit-201/home/144900851,NWMLS,1247633,N,Y,47.6171177,-122.3307008
MLS Listing,,Condo/Co-op,1200 Howell St Ph 202,Seattle,WA,98101,2299950,2,2.5,Denny Triangle,1395,,2019,1,1649,1203,Active,,,http://www.redfin.com/WA/Seattle/1200-Howell-St-98101/unit-202/home/144900850,NWMLS,1247634,N,Y,47.6171177,-122.3307008
MLS Listing,,Condo/Co-op,1200 Howell St #2511,Seattle,WA,98101,1279950,2,2,Denny Triangle,1032,,2019,1,1240,889,Active,,,http://www.redfin.com/WA/Seattle/1200-Howell-St-98101/unit-2511/home/144900847,NWMLS,1246782,N,Y,47.6171177,-122.3307008
MLS Listing,,Condo/Co-op,1200 Howell St #2611,Seattle,WA,98101,1299950,2,2,Denny Triangle,1032,,2019,1,1260,889,Active,,,http://www.redfin.com/WA/Seattle/1200-Howell-St-98101/unit-2611/home/144900845,NWMLS,1247583,N,Y,47.6171177,-122.3307008
MLS Listing,,Condo/Co-op,1200 Howell St #2811,Seattle,WA,98101,2595000,3,2.5,Denny Triangle,1807,,2019,1,1436,1559,Active,,,http://www.redfin.com/WA/Seattle/1200-Howell-St-98101/unit-2811/home/144900840,NWMLS,1247588,N,Y,47.6171177,-122.3307008
MLS Listing,,Condo/Co-op,1200 Howell St #2908,Seattle,WA,98101,1369950,2,2,Denny Triangle,1013,,2019,1,1352,873,Active,,,http://www.redfin.com/WA/Seattle/1200-Howell-St-98101/unit-2908/home/144900839,NWMLS,1247590,N,Y,47.6171177,-122.3307008
MLS Listing,,Condo/Co-op,1200 Howell St #3111,Seattle,WA,98101,1299950,2,2,Denny Triangle,1052,,2019,1,1236,906,Active,,,http://www.redfin.com/WA/Seattle/1200-Howell-St-98101/unit-3111/home/144900838,NWMLS,1247593,N,Y,47.6171177,-122.3307008
MLS Listing,,Condo/Co-op,1200 Howell St #3308,Seattle,WA,98101,1429950,2,2,Denny Triangle,1013,,2019,1,1412,873,Active,,,http://www.redfin.com/WA/Seattle/1200-Howell-St-98101/unit-3308/home/144900834,NWMLS,1247602,N,Y,47.6171177,-122.3307008
MLS Listing,,Condo/Co-op,1200 Howell St #3802,Seattle,WA,98101,1249950,2,2,Denny Triangle,945,,2019,1,1323,815,Active,,,http://www.redfin.com/WA/Seattle/1200-Howell-St-98101/unit-3802/home/144900828,NWMLS,1247609,N,Y,47.6171177,-122.3307008
MLS Listing,,Condo/Co-op,1200 Howell St #3805,Seattle,WA,98101,1349950,2,2,Denny Triangle,1037,,2019,1,1302,893,Active,,,http://www.redfin.com/WA/Seattle/1200-Howell-St-98101/unit-3805/home/144900827,NWMLS,1247612,N,Y,47.6171177,-122.3307008
MLS Listing,,Condo/Co-op,1200 Howell St #3705,Seattle,WA,98101,1299950,2,2,Denny Triangle,1037,,2019,1,1254,893,Active,,,http://www.redfin.com/WA/Seattle/1200-Howell-St-98101/unit-3705/home/144900826,NWMLS,1247603,N,Y,47.6171177,-122.3307008
MLS Listing,,Condo/Co-op,1200 Howell St #3708,Seattle,WA,98101,3495995,3,3.5,Denny Triangle,1880,,2019,1,1860,1622,Active,,,http://www.redfin.com/WA/Seattle/1200-Howell-St-98101/unit-3708/home/144900825,NWMLS,1247604,N,Y,47.6171177,-122.3307008
MLS Listing,,Condo/Co-op,1200 Howell St #3710,Seattle,WA,98101,2149950,3,2,Denny Triangle,1518,,2019,1,1416,1310,Active,,,http://www.redfin.com/WA/Seattle/1200-Howell-St-98101/unit-3710/home/144900824,NWMLS,1247605,N,Y,47.6171177,-122.3307008
MLS Listing,,Condo/Co-op,1200 Howell St #3801,Seattle,WA,98101,1474950,2,2,Denny Triangle,1027,,2019,1,1436,885,Active,,,http://www.redfin.com/WA/Seattle/1200-Howell-St-98101/unit-3801/home/144900823,NWMLS,1247608,N,Y,47.6171177,-122.3307008
MLS Listing,,Condo/Co-op,1200 Howell St Ph 100,Seattle,WA,98101,2200000,3,2,Denny Triangle,1568,,2019,1,1403,1354,Active,,,http://www.redfin.com/WA/Seattle/1200-Howell-St-98101/unit-100/home/144900817,NWMLS,1247620,N,Y,47.6171177,-122.3307008
MLS Listing,,Condo/Co-op,1200 Howell St Ph 101,Seattle,WA,98101,2100000,3,2,Denny Triangle,1500,,2019,1,1400,1294,Active,,,http://www.redfin.com/WA/Seattle/1200-Howell-St-98101/unit-101/home/144900815,NWMLS,1247622,N,Y,47.6171177,-122.3307008
MLS Listing,,Single Family Residential,4607 Lawton Lane W,Seattle,WA,98199,849900,5,2.5,Magnolia,2380,5225,1963,1,357,,Active,,,http://www.redfin.com/WA/Seattle/4607-Lawton-Ln-W-98199/home/122947,NWMLS,1247616,N,Y,47.6640491,-122.4032377
MLS Listing,,Condo/Co-op,511 W Mercer Place #401,Seattle,WA,98119,930000,2,2,Queen Anne,1430,10910,2003,1,650,649,Active,February-20-2018 12:00 PM,February-20-2018 02:00 PM,http://www.redfin.com/WA/Seattle/511-W-Mercer-Pl-98119/unit-401/home/19754,NWMLS,1247284,N,Y,47.6249431,-122.364685
MLS Listing,,Single Family Residential,326 S 116th St,Seattle,WA,98168,399900,3,1.75,White Center,1610,7250,1961,1,248,,Active,,,http://www.redfin.com/WA/Seattle/326-S-116th-St-98168/home/189221,NWMLS,1246456,N,Y,47.4996935,-122.3284424
MLS Listing,,Condo/Co-op,1301 Spring St Unit 30-J,Seattle,WA,98104,1995000,2,2.5,Downtown,2095,,1982,1,952,1954,Active,February-20-2018 11:00 AM,February-20-2018 01:00 PM,http://www.redfin.com/WA/Seattle/1301-Spring-St-98104/unit-30J/home/54127,NWMLS,1247521,N,Y,47.6110758,-122.3225952
MLS Listing,,Condo/Co-op,1301 Spring St Unit 10-D,Seattle,WA,98104,880000,1,1.75,First Hill,1330,,1982,1,662,1055,Active,February-20-2018 11:00 AM,February-20-2018 01:00 PM,http://www.redfin.com/WA/Seattle/1301-Spring-St-98104/unit-10D/home/61409,NWMLS,1246110,N,Y,47.6110758,-122.3225952
MLS Listing,,Single Family Residential,6010 Greenwood Ave N,Seattle,WA,98103,625000,2,1,Phinney Ridge,1800,3500,1911,1,347,,Active,February-21-2018 11:00 AM,February-21-2018 01:00 PM,http://www.redfin.com/WA/Seattle/6010-Greenwood-Ave-N-98103/home/299627,NWMLS,1245838,N,Y,47.6729136,-122.3550895
MLS Listing,,Condo/Co-op,123 Queen Anne Ave N #301,Seattle,WA,98109,430000,1,1,Queen Anne,595,14196,2000,1,723,357,Active,,,http://www.redfin.com/WA/Seattle/123-Queen-Anne-Ave-N-98109/unit-301/home/41547,NWMLS,1247442,N,Y,47.6193539,-122.3571577
MLS Listing,,Single Family Residential,3215 Fuhrman Ave E,Seattle,WA,98102,1098988,3,1,Eastlake,1830,5865,1922,1,601,,Active,,,http://www.redfin.com/WA/Seattle/3215-Fuhrman-Ave-E-98102/home/137167,NWMLS,1241716,N,Y,47.6501806,-122.320376
MLS Listing,,Single Family Residential,3211 Fuhrman Ave E,Seattle,WA,98102,689990,3,1.75,Eastlake,1890,3500,1913,1,365,,Active,,,http://www.redfin.com/WA/Seattle/3211-Fuhrman-Ave-E-98102/home/136098,NWMLS,1241717,N,Y,47.6500661,-122.3202649
MLS Listing,,Condo/Co-op,2440 Western Ave #503,Seattle,WA,98121,680000,2,2,Belltown,1048,,1998,1,649,608,Active,February-24-2018 01:00 PM,February-24-2018 04:00 PM,http://www.redfin.com/WA/Seattle/2440-Western-Ave-98121/unit-503/home/103961024,NWMLS,1246165,N,Y,47.6139108,-122.3490723
MLS Listing,,Condo/Co-op,1105 Spring St #1110,Seattle,WA,98104,339500,1,1,First Hill,640,,1950,1,530,497,Active,February-22-2018 11:00 AM,February-22-2018 01:00 PM,http://www.redfin.com/WA/Seattle/1105-Spring-St-98104/unit-1110/home/12307091,NWMLS,1244540,N,Y,47.6099737,-122.3252597
MLS Listing,,Condo/Co-op,2316 44th Ave SW #304,Seattle,WA,98116,295000,1,1,Admiral,511,5750,1988,1,577,249,Active,,,http://www.redfin.com/WA/Seattle/2316-44th-Ave-SW-98116/unit-304/home/17383382,NWMLS,1247232,N,Y,47.5824253,-122.3874079
MLS Listing,,Condo/Co-op,2911 2nd Ave #709,Seattle,WA,98121,535000,1,1,Belltown,603,,2009,1,887,432,Active,February-20-2018 11:00 AM,February-20-2018 01:00 PM,http://www.redfin.com/WA/Seattle/2911-2nd-Ave-98121/unit-709/home/21616425,NWMLS,1245427,N,Y,47.6176091,-122.3523038
MLS Listing,,Single Family Residential,9220 45th Ave NE,Seattle,WA,98115,949950,4,1.75,Wedgwood,2850,12546,1941,1,333,,Active,,,http://www.redfin.com/WA/Seattle/9220-45th-Ave-NE-98115/home/113760,NWMLS,1246089,N,Y,47.6955081,-122.279734
MLS Listing,,Single Family Residential,9029 36th Ave SW,Seattle,WA,98126,925000,4,2.5,Fauntleroy,2650,5001,2017,1,349,,Active,February-20-2018 11:00 AM,February-20-2018 01:00 PM,http://www.redfin.com/WA/Seattle/9029-36th-Ave-SW-98126/home/144899140,NWMLS,1245930,N,Y,47.5219653,-122.3780722
MLS Listing,,Single Family Residential,1024 W Bothwell St,Seattle,WA,98119,2145000,3,2.5,Queen Anne,3279,3899,2018,1,654,,Active,February-20-2018 11:00 AM,February-20-2018 02:00 PM,http://www.redfin.com/WA/Seattle/1024-W-Bothwell-St-98119/home/144898967,NWMLS,1244929,N,Y,47.6436398,-122.3712544
MLS Listing,,Single Family Residential,3311 Claremont Ave S Unit D,Seattle,WA,98144,629950,3,2,Mt Baker,1275,1374,2017,2,494,,Active,,,http://www.redfin.com/WA/Seattle/3311-Claremont-Ave-S-98144/unit-D/home/144897219,NWMLS,1247187,N,Y,47.5732082,-122.2957004
MLS Listing,,Vacant Land,1907 SW Dawson St,Seattle,WA,98103,279000,0,,West Seattle,,8870,,2,,,Active,,,http://www.redfin.com/WA/Seattle/1907-SW-Dawson-St-98106/home/22091697,NWMLS,1247215,N,Y,47.5558214,-122.3586378
MLS Listing,,Condo/Co-op,3333 Wallingford Ave N #408,Seattle,WA,98103,410000,0,1,Wallingford,561,,2005,2,731,216,Active,,,http://www.redfin.com/WA/Seattle/3333-Wallingford-Ave-N-98103/unit-408/home/12092383,NWMLS,1242804,N,Y,47.6478138,-122.3369496
MLS Listing,,Condo/Co-op,500 Elliott Ave W #401,Seattle,WA,98119,685000,2,1.75,Queen Anne,1207,,2001,3,568,542,Active,,,http://www.redfin.com/WA/Seattle/500-Elliott-Ave-W-98119/unit-401/home/2120003,NWMLS,1247120,N,Y,47.623753,-122.3642137
MLS Listing,,Condo/Co-op,1122 10th Ave E Unit G100,Seattle,WA,98102,425000,1,1,Capitol Hill,669,7850,1982,3,635,327,Active,,,http://www.redfin.com/WA/Seattle/1122-10th-Ave-E-98102/unit-G100/home/2117905,NWMLS,1247027,N,Y,47.6293392,-122.3198897
MLS Listing,,Condo/Co-op,81 Clay St #522,Seattle,WA,98121,520000,1,1,Belltown,761,27840,2007,3,683,507,Active,,,http://www.redfin.com/WA/Seattle/81-Clay-St-98121/unit-522/home/12536680,NWMLS,1245498,N,Y,47.6157499,-122.3521145
MLS Listing,,Single Family Residential,2913 39th Ave SW,Seattle,WA,98116,565000,4,1.75,Belvidere,1170,4329,1907,3,483,,Active,,,http://www.redfin.com/WA/Seattle/2913-39th-Ave-SW-98116/home/328545,NWMLS,1247107,N,Y,47.5778093,-122.3815443
MLS Listing,,Condo/Co-op,655 Crockett St Unit B106,Seattle,WA,98109,698900,2,2,Lake Union,988,,2005,3,707,423,Active,February-24-2018 12:00 PM,February-24-2018 04:00 PM,http://www.redfin.com/WA/Seattle/655-Crockett-St-98109/unit-B106/home/2085365,NWMLS,1247087,N,Y,47.6374136,-122.3439418
MLS Listing,,Townhouse,5113 9th Ave NW,Seattle,WA,98107,760000,3,2.5,Ballard,1420,1563,2001,3,535,,Active,February-21-2018 11:00 AM,February-21-2018 01:00 PM,http://www.redfin.com/WA/Seattle/5113-9th-Ave-NW-98107/home/493741,NWMLS,1245907,N,Y,47.666154,-122.368876
MLS Listing,,Single Family Residential,2103 NE Ravenna Blvd,Seattle,WA,98105,975000,5,2.5,Ravenna,3440,5400,1912,3,283,,Active,,,http://www.redfin.com/WA/Seattle/2103-NE-Ravenna-Blvd-98105/home/308264,NWMLS,1247046,N,Y,47.6691958,-122.3051486
MLS Listing,,Townhouse,14651 36th (Lot 94) Ct NE,Lake Forest Park,WA,98155,668990,3,3,Lake Forest Park,1709,1000,2018,3,391,190,Active,,,http://www.redfin.com/WA/Lake-Forest-Park/14651-36th-Ct-NE-98155/home/109661197,NWMLS,1243671,N,Y,47.734968,-122.2902
MLS Listing,,Townhouse,14647 36th (Lot 95) Ct NE,Lake Forest Park,WA,98155,720990,4,3,Lake Forest Park,2011,1100,2017,3,359,190,Active,,,http://www.redfin.com/WA/Lake-Forest-Park/14647-36th-Ct-NE-98155/home/109661030,NWMLS,1243672,N,Y,47.734915,-122.290208
MLS Listing,,Single Family Residential,5616 49th Ave SW,Seattle,WA,98136,950000,5,2.75,West Seattle,2800,7072,1943,3,339,,Active,,,http://www.redfin.com/WA/Seattle/5616-49th-Ave-SW-98136/home/154332,NWMLS,1247015,N,Y,47.5516085,-122.3947099
MLS Listing,,Townhouse,2212 B NW 60th St,Seattle,WA,98107,749950,2,2,Ballard,1178,779,2018,3,637,,Active,,,http://www.redfin.com/WA/Seattle/2212-NW-60th-St-98107/unit-A/home/494717,NWMLS,1229919,N,Y,47.6725904,-122.3853569
MLS Listing,,Multi-Family (5+ Unit),4711 Ravenna Ave NE,Seattle,WA,98105,2350000,16,7,University District,5100,8458,1965,3,461,,Active,February-21-2018 11:30 AM,February-21-2018 01:30 PM,http://www.redfin.com/WA/Seattle/4711-Ravenna-Ave-NE-98105/home/2060109,NWMLS,1247013,N,Y,47.6634764,-122.3033069
MLS Listing,,Single Family Residential,5120 S Director St,Seattle,WA,98118,360000,2,1,Rainier Beach,1460,8400,1909,4,247,,Active,,,http://www.redfin.com/WA/Seattle/5120-S-Director-St-98118/home/176671,NWMLS,1244207,N,Y,47.5221258,-122.2690593
MLS Listing,,Condo/Co-op,98 Union St #908,Seattle,WA,98101,687500,2,1.75,Downtown,969,17751,1985,4,709,1080,Active,February-20-2018 11:00 AM,February-20-2018 01:00 PM,http://www.redfin.com/WA/Seattle/98-Union-St-98101/unit-908/home/16506,NWMLS,1245621,N,Y,47.6078316,-122.3396666
MLS Listing,,Townhouse,2424 A NW 62nd St,Seattle,WA,98107,864950,3,2.25,Ballard,1532,1053,2018,4,565,,Active,,,http://www.redfin.com/WA/Seattle/2424-NW-62nd-St-98107/unit-C/home/162105,NWMLS,1246210,N,Y,47.6738423,-122.3887951
MLS Listing,,Single Family Residential,1851 E Shelby St,Seattle,WA,98112,1000000,3,2.25,Montlake,2280,5450,1915,4,439,,Active,,,http://www.redfin.com/WA/Seattle/1851-E-Shelby-St-98112/home/137475,NWMLS,1246569,N,Y,47.6461809,-122.3068497
MLS Listing,,Single Family Residential,13504 3rd Ave NE,Seattle,WA,98125,650000,6,1.75,Haller Lake,2660,10143,1940,4,244,,Active,,,http://www.redfin.com/WA/Seattle/13504-3rd-Ave-NE-98125/home/103256,NWMLS,1246925,N,Y,47.7270663,-122.3259699
MLS Listing,,Single Family Residential,1202 NW 100th St,Seattle,WA,98177,1350000,4,2.5,Blue Ridge,3450,4587,2018,4,391,,Active,,,http://www.redfin.com/WA/Seattle/1202-NW-100th-St-98177/home/113995630,NWMLS,1246541,N,Y,47.7016892,-122.3717278
MLS Listing,,Single Family Residential,4321 5Th Ave NE,Seattle,WA,98105,799000,6,3,Wallingford,2680,3690,1912,4,298,,Active,,,http://www.redfin.com/WA/Seattle/4321-5th-Ave-NE-98105/home/117255,NWMLS,1246741,N,Y,47.6596244,-122.3231753
MLS Listing,,Condo/Co-op,1594 Alki Ave SW #302,Seattle,WA,98116,794500,2,2,Alki,1409,,2000,4,564,731,Active,February-24-2018 12:00 PM,February-24-2018 04:00 PM,http://www.redfin.com/WA/Seattle/1594-Alki-Ave-SW-98116/unit-302/home/34893,NWMLS,1238994,N,Y,47.5882138,-122.3950368
MLS Listing,,Single Family Residential,6307 26th Ave NW,Seattle,WA,98107,975000,3,3.25,Ballard,1610,1525,2014,4,606,,Active,,,http://www.redfin.com/WA/Seattle/6307-26th-Ave-NW-98107/home/162748,NWMLS,1245784,N,Y,47.6747236,-122.3902373
MLS Listing,,Single Family Residential,11507 31st Ave NE,Seattle,WA,98125,750000,4,1.75,Meadowbrook,1890,13298,1923,4,397,,Active,,,http://www.redfin.com/WA/Seattle/11507-31st-Ave-NE-98125/home/111116,NWMLS,1242358,N,Y,47.7122555,-122.2952911
MLS Listing,,Condo/Co-op,7309 Sand Point Wy NE Unit B727,Seattle,WA,98115,310000,1,1,Sand Point,1032,87990,1979,4,300,229,Active,,,http://www.redfin.com/WA/Seattle/7309-Sand-Point-Way-NE-98115/unit-B727/home/2117035,NWMLS,1245641,N,Y,47.682153,-122.2638356
MLS Listing,,Condo/Co-op,108 5th Ave S #620,Seattle,WA,98104,348000,0,1,Pioneer Square,488,19348,2001,4,713,282,Active,,,http://www.redfin.com/WA/Seattle/108-5th-Ave-S-98104/unit-620/home/12090774,NWMLS,1245059,N,Y,47.6013811,-122.3273167
MLS Listing,,Single Family Residential,14322 Wallingford Ave N,Seattle,WA,98133,499000,3,1.5,Haller Lake,1210,5250,1977,4,412,,Active,,,http://www.redfin.com/WA/Seattle/14322-Wallingford-Ave-N-98133/home/103040,NWMLS,1246485,N,Y,47.7330299,-122.3366515
MLS Listing,,Townhouse,8763 Phinney Ave N,Seattle,WA,98103,859000,3,1.75,Greenwood,1552,808,2018,4,553,,Active,,,http://www.redfin.com/WA/Seattle/8763-Phinney-Ave-N-98103/home/144883268,NWMLS,1246074,N,Y,47.6940893,-122.3539565
MLS Listing,,Single Family Residential,2440 E Aloha St,Seattle,WA,98112,1250000,4,2.25,Arboretum,2470,4000,1910,4,506,,Active,February-22-2018 11:00 AM,February-22-2018 01:00 PM,http://www.redfin.com/WA/Seattle/2440-E-Aloha-St-98112/home/145811,NWMLS,1246076,N,Y,47.6268483,-122.2992835
MLS Listing,,Single Family Residential,5218 37th Ave NE,Seattle,WA,98105,1249500,5,2.75,Bryant,2220,4000,1924,4,563,,Active,,,http://www.redfin.com/WA/Seattle/5218-37th-Ave-NE-98105/home/313383,NWMLS,1246666,N,Y,47.6672725,-122.2876762
MLS Listing,,Townhouse,9402 Linden Ave N Unit B,Seattle,WA,98103,524922,2,1.5,Greenwood,1070,1200,1999,4,491,,Active,,,http://www.redfin.com/WA/Seattle/9402-Linden-Ave-N-98103/unit-B/home/98721,NWMLS,1246332,N,Y,47.6969082,-122.3470479
MLS Listing,,Single Family Residential,506 S Trenton St,Seattle,WA,98108,389000,2,1,South Park,1480,6000,1908,4,263,,Active,,,http://www.redfin.com/WA/Seattle/506-S-Trenton-St-98108/home/476993,NWMLS,1246598,N,Y,47.5249644,-122.3278305
MLS Listing,,Single Family Residential,4839 36th Ave NE,Seattle,WA,98105,895950,3,2.75,Bryant,2160,4300,1945,4,415,,Active,,,http://www.redfin.com/WA/Seattle/4839-36th-Ave-NE-98105/home/314179,NWMLS,1245809,N,Y,47.664725,-122.2894798
MLS Listing,,Single Family Residential,8839 10th Ave SW,Seattle,WA,98106,569999,3,1.75,Highland Park,1650,4760,1919,4,345,,Active,,,http://www.redfin.com/WA/Seattle/8839-10th-Ave-SW-98106/home/476293,NWMLS,1246594,N,Y,47.5234889,-122.348297
MLS Listing,,Condo/Co-op,526 1st Ave S #308,Seattle,WA,98104,625000,2,1,Pioneer Square,1110,43527,1909,4,563,554,Active,,,http://www.redfin.com/WA/Seattle/526-1st-Ave-S-98104/unit-308/home/46479,NWMLS,1246544,N,Y,47.5975638,-122.3337071
MLS Listing,,Single Family Residential,3403 SW Cloverdale St,Seattle,WA,98126,599000,4,2.75,Westwood,2075,7316,1950,4,289,,Active,,,http://www.redfin.com/WA/Seattle/3403-SW-Cloverdale-St-98126/home/473897,NWMLS,1246194,N,Y,47.5262803,-122.375618
MLS Listing,,Single Family Residential,6747 23rd Ave NW,Seattle,WA,98117,599000,2,1.5,Ballard,1470,5100,1900,4,407,,Active,,,http://www.redfin.com/WA/Seattle/6747-23rd-Ave-NW-98117/home/166648,NWMLS,1244968,N,Y,47.679061,-122.3856019
MLS Listing,,Townhouse,4428 Evanston Ave N,Seattle,WA,98103,1049000,3,1.75,Fremont,1635,1110,2018,4,642,,Active,,,http://www.redfin.com/WA/Seattle/4428-Evanston-Ave-N-98103/home/302235,NWMLS,1245737,N,Y,47.6610793,-122.3507257
MLS Listing,,Condo/Co-op,6042 Seaview Ave NW #203,Seattle,WA,98107,885000,2,2,Sunset Hill,1396,10002,1999,4,634,650,Active,February-21-2018 11:30 AM,February-21-2018 01:00 PM,http://www.redfin.com/WA/Seattle/6042-Seaview-Ave-NW-98107/unit-203/home/72761,NWMLS,1245521,N,Y,47.6732519,-122.4061191
MLS Listing,,Single Family Residential,10312 Wallingford Ave N,Seattle,WA,98133,639000,3,1.5,Licton Springs,2220,7055,1957,4,288,,Active,February-21-2018 11:00 AM,February-21-2018 01:00 PM,http://www.redfin.com/WA/Seattle/10312-Wallingford-Ave-N-98133/home/105618,NWMLS,1241282,N,Y,47.7036956,-122.3354555
MLS Listing,,Condo/Co-op,8750 Greenwood Ave N Unit S501,Seattle,WA,98103,479500,2,2,Greenwood,1339,31695,1998,4,358,430,Active,,,http://www.redfin.com/WA/Seattle/8750-Greenwood-Ave-N-98103/unit-S501/home/43226,NWMLS,1246441,N,Y,47.6936588,-122.3548788
MLS Listing,,Single Family Residential,4457 40th Ave SW,Seattle,WA,98116,587500,2,1,West Seattle,1340,5750,1918,4,438,,Active,,,http://www.redfin.com/WA/Seattle/4457-40th-Ave-SW-98116/home/328227,NWMLS,1245181,N,Y,47.5630264,-122.3831282
MLS Listing,,Single Family Residential,2817 W Galer St,Seattle,WA,98199,2695000,4,3,Magnolia,3690,9750,1947,4,730,,Active,February-20-2018 11:30 AM,February-20-2018 01:00 PM,http://www.redfin.com/WA/Seattle/2817-W-Galer-St-98199/home/125994,NWMLS,1246228,N,Y,47.632076,-122.3938459
MLS Listing,,Condo/Co-op,843 Davis Place S #102,Seattle,WA,98144,315000,1,1,Judkins,610,40698,2004,4,516,375,Active,,,http://www.redfin.com/WA/Seattle/843-Davis-Pl-S-98144/unit-102/home/2071684,NWMLS,1246575,N,Y,47.5947612,-122.3084375
MLS Listing,,Condo/Co-op,1120 8th Ave #1403,Seattle,WA,98101,685000,2,1.75,First Hill,1050,14422,1970,5,652,505,Active,,,http://www.redfin.com/WA/Seattle/1120-8th-Ave-98101/unit-1403/home/67204,NWMLS,1245552,N,Y,47.609287,-122.329259
MLS Listing,,Single Family Residential,816 21st Ave,Seattle,WA,98122,949000,5,2,Central Area,1760,4800,1906,5,539,,Active,,,http://www.redfin.com/WA/Seattle/816-21st-Ave-98122/home/143182,NWMLS,1246189,N,Y,47.6095636,-122.304713
MLS Listing,,Single Family Residential,13352 3rd Ave NE,Seattle,WA,98125,789950,3,3,Haller Lake,3200,22400,1956,5,247,,Active,,,http://www.redfin.com/WA/Seattle/13352-3rd-Ave-NE-98125/home/103133,NWMLS,1245615,N,Y,47.7264774,-122.3257765
MLS Listing,,Condo/Co-op,10501 8th Ave NE #302,Seattle,WA,98125,289000,2,1,Northgate,970,,1984,5,298,531,Active,,,http://www.redfin.com/WA/Seattle/10501-8th-Ave-NE-98125/unit-302/home/42611,NWMLS,1240208,N,Y,47.7055353,-122.3210942
MLS Listing,,Single Family Residential,757 N 101st St,Seattle,WA,98133,599500,2,1,Greenwood,1440,3844,1940,5,416,,Active,,,http://www.redfin.com/WA/Seattle/757-N-101st-St-98133/home/99347,NWMLS,1244441,N,Y,47.7019669,-122.3475661
MLS Listing,,Single Family Residential,6047 39th Ave NE,Seattle,WA,98115,1300000,4,2.5,Bryant,2850,5000,2004,5,456,,Active,February-21-2018 11:00 AM,February-21-2018 01:00 PM,http://www.redfin.com/WA/Seattle/6047-39th-Ave-NE-98115/home/314042,NWMLS,1241744,N,Y,47.6735358,-122.2861138
MLS Listing,,Townhouse,4321 Linden Ave N Unit A,Seattle,WA,98103,485000,2,1,Fremont,788,,1929,5,615,364,Active,,,http://www.redfin.com/WA/Seattle/4321-Linden-Ave-N-98103/unit-A/home/47369,NWMLS,1245955,N,Y,47.659976,-122.3490089
MLS Listing,,Single Family Residential,919 NW 107th St,Seattle,WA,98177,750000,3,1.5,Crown Hill,1340,9343,1953,5,560,,Active,,,http://www.redfin.com/WA/Seattle/919-NW-107th-St-98177/home/96066,NWMLS,1246259,N,Y,47.7064435,-122.3689906
MLS Listing,,Single Family Residential,3422 41st Ave SW,Seattle,WA,98116,649950,2,1,North Admiral,1660,4000,1918,5,392,,Active,,,http://www.redfin.com/WA/Seattle/3422-41st-Ave-SW-98116/home/329213,NWMLS,1239668,N,Y,47.5724447,-122.3843111
MLS Listing,,Condo/Co-op,408 Bellevue Ave E #205,Seattle,WA,98102,275000,0,1,Capitol Hill,500,,1929,5,550,511,Active,February-22-2018 11:00 AM,February-22-2018 01:00 PM,http://www.redfin.com/WA/Seattle/408-Bellevue-Ave-E-98102/unit-205/home/12433686,NWMLS,1245781,N,Y,47.6223371,-122.3262355
MLS Listing,,Townhouse,1714 C California Ave SW,Seattle,WA,98116,799800,3,1.75,North Admiral,1470,1165,2017,5,544,,Active,February-21-2018 05:00 PM,February-21-2018 07:00 PM,http://www.redfin.com/WA/Seattle/1714-California-Ave-SW-98116/home/150553,NWMLS,1246080,N,Y,47.5875001,-122.3859806
MLS Listing,,Single Family Residential,6216 53rd Ave NE,Seattle,WA,98115,950000,4,2,Hawthorne Hills,3030,6000,1950,5,314,,Active,February-21-2018 11:30 AM,February-21-2018 02:00 PM,http://www.redfin.com/WA/Seattle/6216-53rd-Ave-NE-98115/home/320170,NWMLS,1246238,N,Y,47.6743707,-122.2700257
MLS Listing,,Single Family Residential,3124 Lakewood Ave S,Seattle,WA,98144,2300000,5,3.5,Mt Baker,4120,7350,1922,5,558,,Active,,,http://www.redfin.com/WA/Seattle/3124-Lakewood-Ave-S-98144/home/488526,NWMLS,1244495,N,Y,47.5759365,-122.2831372
MLS Listing,,Multi-Family (5+ Unit),3216 Fuhrman Ave E,Seattle,WA,98112,3600000,9,6,Portage Bay,4695,5500,1955,5,767,,Active,,,http://www.redfin.com/WA/Seattle/3216-Fuhrman-Ave-E-98102/home/2066815,NWMLS,1246041,N,Y,47.6506556,-122.3200636
MLS Listing,,Townhouse,2828 SW Adams St Unit A,Seattle,WA,98126,548000,3,2.5,West Seattle,1148,1148,2009,5,477,,Active,,,http://www.redfin.com/WA/Seattle/2828-SW-Adams-St-98126/unit-A/home/21883474,NWMLS,1246142,N,Y,47.566446,-122.369468
MLS Listing,,Condo/Co-op,4222 Beach Dr SW #103,Seattle,WA,98116,369950,2,1.75,West Seattle,885,7110,1985,5,418,449,Active,,,http://www.redfin.com/WA/Seattle/4222-Beach-Dr-SW-98116/unit-103/home/23706,NWMLS,1245432,N,Y,47.5656055,-122.4074216
MLS Listing,,Single Family Residential,5456 36th Ave SW,Seattle,WA,98126,798000,4,1.75,Fairmount,2380,6240,1954,5,335,,Active,,,http://www.redfin.com/WA/Seattle/5456-36th-Ave-SW-98126/home/471362,NWMLS,1244543,N,Y,47.5521252,-122.3773283
MLS Listing,,Single Family Residential,11012 38th Ave NE,Seattle,WA,98125,590000,3,1.5,Meadowbrook,1590,8100,1953,5,371,,Active,,,http://www.redfin.com/WA/Seattle/11012-38th-Ave-NE-98125/home/111762,NWMLS,1241146,N,Y,47.7088118,-122.2877917
MLS Listing,,Single Family Residential,5929 20th Ave S,Seattle,WA,98108,798000,6,3.25,Beacon Hill,2980,8550,2016,5,268,,Active,,,http://www.redfin.com/WA/Seattle/5929-20th-Ave-S-98108/home/22683635,NWMLS,1241441,N,Y,47.549018,-122.307698
MLS Listing,,Single Family Residential,2369 S McClellan St,Seattle,WA,98144,629000,2,1.5,N Beacon Hill,1342,1830,2006,5,469,75,Active,,,http://www.redfin.com/WA/Seattle/2369-S-McClellan-St-98144/home/17082898,NWMLS,1235330,N,Y,47.5782119,-122.3015423
MLS Listing,,Single Family Residential,300 SW 104th St,Seattle,WA,98146,349950,3,1.75,Westwood,1200,7485,1971,5,292,,Active,,,http://www.redfin.com/WA/Seattle/300-SW-104th-St-98146/home/182343,NWMLS,1244684,N,Y,47.5104729,-122.3382271
MLS Listing,,Condo/Co-op,4409 California Ave SW #204,Seattle,WA,98116,469000,2,1,Alaska Junction,970,6018,1996,5,484,335,Active,,,http://www.redfin.com/WA/Seattle/4409-California-Ave-SW-98116/unit-204/home/73864,NWMLS,1245118,N,Y,47.5644579,-122.3871209
MLS Listing,,Townhouse,1518 NW 57th St Unit A,Seattle,WA,98107,747000,3,2.5,Ballard,1350,1231,2004,5,553,,Active,,,http://www.redfin.com/WA/Seattle/1518-NW-57th-St-98107/unit-A/home/2089907,NWMLS,1242051,N,Y,47.670467,-122.377063
MLS Listing,,Townhouse,7322 Rainier Ave S #203,Seattle,WA,98118,399000,3,2.5,Seward Park,1464,,2006,5,273,446,Active,,,http://www.redfin.com/WA/Seattle/7322-Rainier-Ave-S-98118/unit-203/home/12448160,NWMLS,1245288,N,Y,47.536356,-122.269037
MLS Listing,,Single Family Residential,9039 17th Ave SW,Seattle,WA,98106,400000,3,2,Westwood,1100,1993,1995,5,364,,Active,,,http://www.redfin.com/WA/Seattle/9039-17th-Ave-SW-98106/home/474109,NWMLS,1244493,N,Y,47.5217339,-122.3569824
MLS Listing,,Single Family Residential,10618 10TH Place NE,Seattle,WA,98125,899950,4,2.25,Maple Leaf,3170,9968,1957,5,284,,Active,,,http://www.redfin.com/WA/Seattle/10618-10th-Pl-NE-98125/home/106936,NWMLS,1246044,N,Y,47.7066586,-122.3163986
MLS Listing,,Single Family Residential,5622 42nd Ave SW,Seattle,WA,98136,725000,3,1,Seaview,1880,6250,1918,5,386,,Active,,,http://www.redfin.com/WA/Seattle/5622-42nd-Ave-SW-98136/home/470438,NWMLS,1246047,N,Y,47.5513896,-122.3852107
MLS Listing,,Condo/Co-op,737 Olive Wy #2410,Seattle,WA,98101,690000,1,1,Downtown,650,,2009,5,1062,443,Active,,,http://www.redfin.com/WA/Seattle/737-Olive-Way-98101/unit-2410/home/21883016,NWMLS,1244414,N,Y,47.6137008,-122.3342792
MLS Listing,,Single Family Residential,2714 E Yesler Wy,Seattle,WA,98122,849000,3,1.75,Central Area,1789,2327,2014,5,475,,Active,,,http://www.redfin.com/WA/Seattle/2714-E-Yesler-Way-98122/home/55169064,NWMLS,1244884,N,Y,47.6017513,-122.2970912
MLS Listing,,Single Family Residential,10044 32nd Ave NE,Seattle,WA,98125,895000,4,2,Wedgwood,2250,13300,1936,5,398,,Active,,,http://www.redfin.com/WA/Seattle/10044-32nd-Ave-NE-98125/home/112713,NWMLS,1237963,N,Y,47.7025095,-122.2938216
MLS Listing,,Single Family Residential,2206 Walnut Ave SW,Seattle,WA,98116,688000,3,1.75,North Admiral,1258,4050,1950,5,547,,Active,,,http://www.redfin.com/WA/Seattle/2206-Walnut-Ave-SW-98116/home/150793,NWMLS,1244841,N,Y,47.5837609,-122.3824048
MLS Listing,,Condo/Co-op,845 NE 125th St #102,Seattle,WA,98125,270000,0,1,Roosevelt,631,,1970,5,428,375,Active,,,http://www.redfin.com/WA/Seattle/845-NE-125th-St-98125/unit-102/home/12538883,NWMLS,1243914,N,Y,47.7192021,-122.3189396
MLS Listing,,Condo/Co-op,615 Boren Ave #12,Seattle,WA,98104,535000,2,1,First Hill,1284,,1909,6,417,799,Active,,,http://www.redfin.com/WA/Seattle/615-Boren-Ave-98104/unit-12/home/36751,NWMLS,1245424,N,Y,47.6068461,-122.3233033
MLS Listing,,Single Family Residential,1019 NE 117th St,Seattle,WA,98125,795000,5,3,Pinehurst,2140,7478,1985,6,371,,Active,,,http://www.redfin.com/WA/Seattle/1019-NE-117th-St-98125/home/105778,NWMLS,1245852,N,Y,47.7138087,-122.3170574
MLS Listing,,Vacant Land,1224 S Lane St,Seattle,WA,98144,1200000,0,,Seattle,,6000,,6,,,Active,,,http://www.redfin.com/WA/Seattle/1224-S-Lane-St-98144/home/2060786,NWMLS,1245980,N,Y,47.5969643,-122.316011
MLS Listing,,Condo/Co-op,"1620 43 Ave E Unit 11,10",Seattle,WA,98112,1675000,2,2.5,Madison Park,1960,47474,1969,6,855,1653,Active,,,http://www.redfin.com/WA/Seattle/1620-43rd-Ave-E-98112/unit-11-10/home/144875239,NWMLS,1244926,N,Y,47.6337689,-122.2761796
MLS Listing,,Single Family Residential,2709 NE 145th St,Seattle,WA,98155,450000,3,1,Olympic Hills,1180,7020,1949,6,381,,Active,,,http://www.redfin.com/WA/Seattle/2709-NE-145th-St-98155/home/116022,NWMLS,1245788,N,Y,47.7336215,-122.2987221
MLS Listing,,Townhouse,3841 Gilman Ave W,Seattle,WA,98199,725000,3,2.5,Magnolia,1327,1062,2017,6,546,,Active,,,http://www.redfin.com/WA/Seattle/3841-Gilman-Ave-W-98199/home/109969550,NWMLS,1241955,N,Y,47.654872,-122.385618
MLS Listing,,Condo/Co-op,308 E Republican St #314,Seattle,WA,98102,450000,2,1.75,Capitol Hill,1200,,1961,6,375,810,Active,,,http://www.redfin.com/WA/Seattle/308-E-Republican-St-98102/unit-314/home/17073359,NWMLS,1245140,N,Y,47.623353,-122.3275638
MLS Listing,,Single Family Residential,2539 S Graham,Seattle,WA,98108,650000,4,2.5,Beacon Hill,1940,5414,1997,6,335,,Active,,,http://www.redfin.com/WA/Seattle/2539-S-Graham-St-98108/home/478058,NWMLS,1245455,N,Y,47.5461122,-122.2986607
MLS Listing,,Single Family Residential,1911 S Forest St,Seattle,WA,98144,719950,4,3,Beacon Hill,1850,4128,1919,6,389,,Active,,,http://www.redfin.com/WA/Seattle/1911-S-Forest-St-98144/home/169569,NWMLS,1245776,N,Y,47.5776667,-122.3074267
MLS Listing,,Townhouse,3840 C Ashworth Ave N,Seattle,WA,98103,989950,3,2.25,Wallingford,1736,1193,2018,6,570,,Active,,,http://www.redfin.com/WA/Seattle/3840-Ashworth-Ave-N-98103/home/144663525,NWMLS,1245723,N,Y,47.6539563,-122.3401863
MLS Listing,,Townhouse,6703 34th Place S,Seattle,WA,98118,510000,3,2.5,Beacon Hill,1960,2090,2003,6,260,257,Active,,,http://www.redfin.com/WA/Seattle/6703-34th-Pl-S-98118/home/478849,NWMLS,1243057,N,Y,47.542073,-122.289144
MLS Listing,,Condo/Co-op,952 N 35th St #201,Seattle,WA,98103,385000,1,1,Fremont,587,,1989,6,656,342,Active,,,http://www.redfin.com/WA/Seattle/952-N-35th-St-98103/unit-201/home/44237,NWMLS,1245229,N,Y,47.6500549,-122.3450507
MLS Listing,,Single Family Residential,3309 Claremont Ave S Unit A,Seattle,WA,98144,689950,3,2.25,Mt Baker,1465,1375,2017,6,471,,Active,,,http://www.redfin.com/WA/Seattle/3309-Claremont-Ave-S-98144/unit-A/home/144874939,NWMLS,1245805,N,Y,47.5731488,-122.2959917
MLS Listing,,Single Family Residential,1407 Lake Washington Blvd S,Seattle,WA,98144,1175000,3,1.5,Mt Baker,1710,6300,1907,6,687,,Active,,,http://www.redfin.com/WA/Seattle/1407-Lake-Washington-Blvd-S-98144/home/488946,NWMLS,1245677,N,Y,47.589687,-122.289569
MLS Listing,,Single Family Residential,10722 Dayton Ave N,Seattle,WA,98133,395000,1,1,Broadview,550,6352,1947,6,718,,Active,,,http://www.redfin.com/WA/Seattle/10722-Dayton-Ave-N-98133/home/99295,NWMLS,1242546,N,Y,47.7075888,-122.3525192
MLS Listing,,Condo/Co-op,2009 Yale Ave E #202,Seattle,WA,98102,449950,1,1,Eastlake,601,,1963,6,749,245,Active,,,http://www.redfin.com/WA/Seattle/2009-Yale-Ave-E-98102/unit-202/home/28648995,NWMLS,1241861,N,Y,47.6371171,-122.3274416
MLS Listing,,Single Family Residential,2425 S Judkins St,Seattle,WA,98144,799950,3,2,Judkins,1760,4600,1932,6,455,,Active,February-24-2018 01:00 PM,February-24-2018 04:00 PM,http://www.redfin.com/WA/Seattle/2425-S-Judkins-St-98144/home/143915,NWMLS,1241637,N,Y,47.5919058,-122.3001192
MLS Listing,,Multi-Family (5+ Unit),3660 Whitman Ave N,Seattle,WA,98103,2200000,16,8,Fremont,4800,3329,1985,6,458,,Active,,,http://www.redfin.com/WA/Seattle/3660-Whitman-Ave-N-98103/home/2059858,NWMLS,1243494,N,Y,47.652561,-122.345707
MLS Listing,,Single Family Residential,2721 NE 130th St,Seattle,WA,98125,1100000,4,3,Lake City,1980,8738,1982,6,556,,Active,,,http://www.redfin.com/WA/Seattle/2721-NE-130th-St-98125/home/115839,NWMLS,1245590,N,Y,47.7227431,-122.2980689
MLS Listing,,Single Family Residential,4535 5th Ave NE,Seattle,WA,98104,649000,4,2.5,Wallingford,2790,4218,1923,6,233,,Active,,,http://www.redfin.com/WA/Seattle/4535-5th-Ave-NE-98105/home/118478,NWMLS,1244773,N,Y,47.6623714,-122.3231637
MLS Listing,,Single Family Residential,3926 Wallingford Ave N,Seattle,WA,98103,849000,4,1,Wallingford,2850,4560,1916,6,298,,Active,,,http://www.redfin.com/WA/Seattle/3926-Wallingford-Ave-N-98103/home/119958,NWMLS,1245529,N,Y,47.655177,-122.3359303
MLS Listing,,Single Family Residential,7723 12th Ave NW,Seattle,WA,98117,979000,4,2.75,Whittier,3730,4630,1906,6,262,,Active,,,http://www.redfin.com/WA/Seattle/7723-12th-Ave-NW-98117/home/144873396,NWMLS,1240392,N,Y,47.6857217,-122.3714398
MLS Listing,,Condo/Co-op,9056 Mary Ave NW #201,Seattle,WA,98117,335000,1,1,Crown Hill,648,8208,1988,6,517,220,Active,,,http://www.redfin.com/WA/Seattle/9056-Mary-Ave-NW-98117/unit-201/home/21617537,NWMLS,1245036,N,Y,47.6959111,-122.3750636
MLS Listing,,Townhouse,1761 NW 58th St Unit B,Seattle,WA,98107,729000,2,2.5,Ballard,1247,1300,2007,7,585,,Active,,,http://www.redfin.com/WA/Seattle/1761-NW-58th-St-98107/unit-B/home/144872553,NWMLS,1244651,N,Y,47.6707502,-122.381508
MLS Listing,,Single Family Residential,9018 14th Ave SW,Seattle,WA,98106,429900,2,1,Highland Park,770,5772,1948,7,558,,Active,,,http://www.redfin.com/WA/Seattle/9018-14th-Ave-SW-98106/home/475126,NWMLS,1244463,N,Y,47.5222725,-122.3525325
MLS Listing,,Single Family Residential,1305 NE 55th St,Seattle,WA,98105,870000,4,2.5,University District,1500,1440,1911,7,580,,Active,,,http://www.redfin.com/WA/Seattle/1305-NE-55th-St-98105/home/311608,NWMLS,1231154,N,Y,47.6683962,-122.3138289
MLS Listing,,Single Family Residential,10508 Interlake Ave N,Seattle,WA,98133,405000,1,1,Haller Lake,690,5692,1942,7,587,,Active,,,http://www.redfin.com/WA/Seattle/10508-Interlake-Ave-N-98133/home/105359,NWMLS,1245115,N,Y,47.7054181,-122.3402044
MLS Listing,,Townhouse,341 16th Ave E Unit D,Seattle,WA,98112,795000,2,1.75,Capitol Hill,1210,920,2015,7,657,,Active,,,http://www.redfin.com/WA/Seattle/341-16th-Ave-E-98112/unit-D/home/144872159,NWMLS,1244325,N,Y,47.6217187,-122.311599
MLS Listing,,Condo/Co-op,1530 NW Market St #407,Seattle,WA,98107,457500,1,1,Ballard,687,40000,2007,7,666,284,Active,,,http://www.redfin.com/WA/Seattle/1530-NW-Market-St-98107/unit-407/home/17382648,NWMLS,1237519,N,Y,47.6689309,-122.3779136
MLS Listing,,Condo/Co-op,159 Denny Wy #613,Seattle,WA,98109,525000,1,1,Belltown,663,,2006,7,792,375,Active,,,http://www.redfin.com/WA/Seattle/159-Denny-Way-98109/unit-613/home/2118122,NWMLS,1242772,N,Y,47.6182732,-122.3535225
MLS Listing,,Multi-Family (5+ Unit),1422 E Union St,Seattle,WA,98122,6500000,3,6,Capitol Hill,13390,7591,1928,7,485,,Active,,,http://www.redfin.com/WA/Seattle/1422-E-Union-St-98122/home/2075625,NWMLS,1244836,N,Y,47.6131154,-122.3130723
MLS Listing,,Single Family Residential,11705 Sand Point Wy NE,Seattle,WA,98125,625000,4,2.25,Matthews Beach,1790,12879,1944,7,349,,Active,,,http://www.redfin.com/WA/Seattle/11705-Sand-Point-Way-NE-98125/home/111679,NWMLS,1244845,N,Y,47.7138347,-122.2827987
MLS Listing,,Single Family Residential,7612 E Green Lake Dr N,Seattle,WA,98103,3750000,6,4.75,Green Lake,5074,6120,2007,7,739,,Active,,,http://www.redfin.com/WA/Seattle/7612-E-Green-Lake-Dr-N-98103/home/307596,NWMLS,1243541,N,Y,47.6833645,-122.3335295
MLS Listing,,Single Family Residential,1714 NW 96th St,Seattle,WA,98117,620000,3,1.5,North Beach,1910,5000,1944,7,325,,Active,,,http://www.redfin.com/WA/Seattle/1714-NW-96th-St-98117/home/288825,NWMLS,1243736,N,Y,47.6991912,-122.3791009
MLS Listing,,Single Family Residential,7353 27th Ave NW,Seattle,WA,98117,775000,3,1,Loyal Heights,2430,4080,1922,7,319,,Active,,,http://www.redfin.com/WA/Seattle/7353-27th-Ave-NW-98117/home/166265,NWMLS,1241136,N,Y,47.6828747,-122.3911064
MLS Listing,,Single Family Residential,6904 47th Ave SW,Seattle,WA,98136,628500,2,1,Lincoln Park,1360,3000,1913,7,462,,Active,,,http://www.redfin.com/WA/Seattle/6904-47th-Ave-SW-98136/home/153680,NWMLS,1242184,N,Y,47.5420663,-122.3924425
MLS Listing,,Condo/Co-op,1323 Boren Ave #615,Seattle,WA,98101,495000,1,1,First Hill,606,,2001,7,817,341,Active,,,http://www.redfin.com/WA/Seattle/1323-Boren-Ave-98101/unit-615/home/8188542,NWMLS,1244964,N,Y,47.612119,-122.328129
MLS Listing,,Single Family Residential,1514 NE 107th St,Seattle,WA,98125,784000,4,2.75,Victory Heights,2750,6675,1937,7,285,,Active,,,http://www.redfin.com/WA/Seattle/1514-NE-107th-St-98125/home/107634,NWMLS,1239960,N,Y,47.7068845,-122.3117461
MLS Listing,,Single Family Residential,4324 Thackeray Place NE,Seattle,WA,98105,1379888,5,2.75,Wallingford,3030,3366,1911,7,455,,Active,,,http://www.redfin.com/WA/Seattle/4324-Thackeray-Pl-NE-98105/home/117912,NWMLS,1242427,N,Y,47.6597363,-122.3258864
MLS Listing,,Single Family Residential,819 NW 80th St,Seattle,WA,98117,695000,3,1.5,Crown Hill,2480,5220,1938,7,280,,Active,,,http://www.redfin.com/WA/Seattle/819-NW-80th-St-98117/home/498071,NWMLS,1243919,N,Y,47.6867348,-122.3670029
MLS Listing,,Vacant Land,54 Beach Dr SW,Seattle,WA,98136,435000,0,,Beach Drive,,31870,,7,,,Active,,,http://www.redfin.com/WA/Seattle/54-Beach-Dr-SW-98136/home/104490600,NWMLS,1244473,N,Y,47.553242,-122.397266
MLS Listing,,Condo/Co-op,2524 Boyer Ave E #324,Seattle,WA,98102,449500,2,1,Portage Bay,724,24648,1958,7,621,439,Active,,,http://www.redfin.com/WA/Seattle/2524-Boyer-Ave-E-98102/unit-324/home/73392,NWMLS,1242312,N,Y,47.6425164,-122.3148625
MLS Listing,,Single Family Residential,5220 Pullman Ave NE,Seattle,WA,98105,925000,3,1.75,Hawthorne Hills,2260,6000,1950,8,409,,Active,,,http://www.redfin.com/WA/Seattle/5220-Pullman-Ave-NE-98105/home/320158,NWMLS,1241444,N,Y,47.6712438,-122.2723511
MLS Listing,,Townhouse,315 W Galer St #102,Seattle,WA,98119,1188000,1,3,Queen Anne,2367,1361,2013,8,502,275,Active,,,http://www.redfin.com/WA/Seattle/315-W-Galer-St-98119/unit-102/home/2086801,NWMLS,1243053,N,Y,47.6321641,-122.3611876
MLS Listing,,Condo/Co-op,2801 1st Ave #307,Seattle,WA,98121,549500,1,1,Belltown,719,,2001,8,764,392,Active,,,http://www.redfin.com/WA/Seattle/2801-1st-Ave-98121/unit-307/home/26784218,NWMLS,1244755,N,Y,47.6163444,-122.3521045
MLS Listing,,Condo/Co-op,415 W Mercer St #802,Seattle,WA,98119,1175000,2,1.75,Queen Anne,1817,,1963,8,647,972,Active,,,http://www.redfin.com/WA/Seattle/415-W-Mercer-St-98119/unit-802/home/21597,NWMLS,1244706,N,Y,47.6244173,-122.3629545
MLS Listing,,Single Family Residential,4746 36th Ave SW,Seattle,WA,98126,629000,2,1,West Seattle,1030,4600,1950,8,611,,Active,,,http://www.redfin.com/WA/Seattle/4746-36th-Ave-SW-98126/home/471616,NWMLS,1244683,N,Y,47.5596205,-122.3771442
MLS Listing,,Single Family Residential,5303 SW Dakota St,Seattle,WA,98116,885000,3,2.75,Genesee,2550,4500,1944,8,347,,Active,,,http://www.redfin.com/WA/Seattle/5303-SW-Dakota-St-98116/home/152016,NWMLS,1235812,N,Y,47.5665274,-122.4004435
MLS Listing,,Condo/Co-op,1400 2nd Ave N #287,Seattle,WA,98109,778000,2,1.75,Queen Anne,1164,125361,1908,8,668,845,Active,,,http://www.redfin.com/WA/Seattle/1400-2nd-Ave-N-98109/unit-287/home/8190217,NWMLS,1243791,N,Y,47.6312425,-122.3523279
MLS Listing,,Condo/Co-op,87 Virginia St #10,Seattle,WA,98101,1395000,2,1,Downtown,1166,,1978,8,1196,924,Active,,,http://www.redfin.com/WA/Seattle/87-Virginia-St-98101/unit-10/home/39644,NWMLS,1244449,N,Y,47.610439,-122.3430913
MLS Listing,,Single Family Residential,2360 W Viewmont Wy W,Seattle,WA,98199,1895000,5,3.75,Magnolia,3620,5003,1932,8,523,,Active,,,http://www.redfin.com/WA/Seattle/2360-W-Viewmont-Way-W-98199/home/125293,NWMLS,1244734,N,Y,47.6399185,-122.4087167
MLS Listing,,Single Family Residential,10020 47th Ave SW,Seattle,WA,98146,835000,3,1.75,Fauntleroy,1220,12874,1921,8,684,,Active,,,http://www.redfin.com/WA/Seattle/10020-47th-Ave-SW-98146/home/158458,NWMLS,1243488,N,Y,47.5133099,-122.3923541
MLS Listing,,Condo/Co-op,909 5th Ave #2004,Seattle,WA,98164,1120000,1,1.5,Downtown,1208,9525,2008,8,927,1069,Active,February-24-2018 01:00 PM,February-24-2018 04:00 PM,http://www.redfin.com/WA/Seattle/909-5th-Ave-98164/unit-2004/home/17381962,NWMLS,1242517,N,Y,47.6062446,-122.3319929
MLS Listing,,Condo/Co-op,7111 Linden Ave N #401,Seattle,WA,98103,575000,2,1.75,Green Lake,1085,4009,1985,8,530,527,Active,,,http://www.redfin.com/WA/Seattle/7111-Linden-Ave-N-98103/unit-401/home/22201,NWMLS,1236343,N,Y,47.6806883,-122.3475518
MLS Listing,,Moorage,2143 N Northlake Wy #26,Seattle,WA,98103,115000,0,,Lake Union,33,94962,1984,8,3485,340,Active,,,http://www.redfin.com/WA/Seattle/2143-N-Northlake-Way-98103/unit-26/home/34617,NWMLS,1243095,N,Y,47.6471181,-122.3325615
MLS Listing,,Condo/Co-op,1221 Minor Ave #303,Seattle,WA,98101,889500,3,2.5,First Hill,1500,,1960,8,593,973,Active,,,http://www.redfin.com/WA/Seattle/1221-Minor-Ave-98101/unit-303/home/2089513,NWMLS,1241548,N,Y,47.6114985,-122.3258719
MLS Listing,,Single Family Residential,8412 12th Ave S,Seattle,WA,98108,219900,2,1,South Park,850,5880,1945,8,259,,Active,,,http://www.redfin.com/WA/Seattle/8412-12th-Ave-S-98108/home/477199,NWMLS,1244516,N,Y,47.5276907,-122.3173043
MLS Listing,,Single Family Residential,7010 55th Ave S,Seattle,WA,98118,1295000,4,3,Seward Park,2940,9216,1957,8,440,,Active,,,http://www.redfin.com/WA/Seattle/7010-55th-Ave-S-98118/home/489237,NWMLS,1244481,N,Y,47.5390651,-122.2643004
MLS Listing,,Multi-Family (2-4 Unit),7526 43rd Ave S Unit B & C,Seattle,WA,98118,1299000,6,7,Seattle,3240,3124,2014,8,401,11,Active,,,http://www.redfin.com/WA/Seattle/7526-43rd-Ave-S-98118/unit-B-C/home/101607058,NWMLS,1244475,N,Y,47.534415,-122.278603
MLS Listing,,Single Family Residential,5624 A Fauntleroy Wy SW,Seattle,WA,98136,799950,3,2.25,Fauntleroy,1944,1302,2018,10,411,,Active,,,http://www.redfin.com/WA/Seattle/5624-Fauntleroy-Way-SW-98136/home/470784,NWMLS,1243294,N,Y,47.5512393,-122.3813538
MLS Listing,,Condo/Co-op,120 W Highland Dr #222,Seattle,WA,98119,1100000,2,1.75,Queen Anne,1285,,1921,11,856,615,Active,,,http://www.redfin.com/WA/Seattle/120-W-Highland-Dr-98119/unit-222/home/144838638,NWMLS,1242222,N,Y,47.6300586,-122.3583664
MLS Listing,,Townhouse,704 S Willow St,Seattle,WA,98108,749500,3,1.75,Georgetown,1640,895,2018,11,457,,Active,,,http://www.redfin.com/WA/Seattle/704-S-Willow-St-98108/home/144838603,NWMLS,1244212,N,Y,47.5414015,-122.3232298
MLS Listing,,Single Family Residential,315 Martin Luther King Jr Way Wy E,Seattle,WA,98112,604950,3,1,Madison Valley,1520,3855,1918,11,398,,Active,,,http://www.redfin.com/WA/Seattle/315-Martin-Luther-King-Junior-Way-E-98112/home/147814,NWMLS,1242046,N,Y,47.6218711,-122.2964356
MLS Listing,,Condo/Co-op,2319 1st Ave #802,Seattle,WA,98121,2200000,2,2.5,Belltown,2211,,2000,11,995,1138,Active,,,http://www.redfin.com/WA/Seattle/2319-1st-Ave-98121/unit-802/home/63110,NWMLS,1243997,N,Y,47.6135938,-122.3474189
MLS Listing,,Single Family Residential,327 24th Ave E,Seattle,WA,98112,999999,3,1,Capitol Hill,1100,7350,1956,11,909,,Active,,,http://www.redfin.com/WA/Seattle/327-24th-Ave-E-98112/home/146532,NWMLS,1244012,N,Y,47.6222341,-122.3015367
MLS Listing,,Townhouse,5045 S 109th Ct,Tukwila,WA,98178,559000,3,2.5,Seattle,1771,2847,2018,11,316,,Active,,,http://www.redfin.com/WA/Tukwila/5045-S-109th-St-98178/home/144835136,NWMLS,1243991,N,Y,47.5048393,-122.270902
MLS Listing,,Single Family Residential,4256 W Glenmont Lane,Seattle,WA,98199,2225000,4,3.25,Magnolia,3780,5136,1928,11,589,,Active,,,http://www.redfin.com/WA/Seattle/4256-W-Glenmont-Ln-98199/home/125806,NWMLS,1240555,N,Y,47.641931,-122.4116017
MLS Listing,,Townhouse,1106 14th Ave Unit B,Seattle,WA,98122,1200000,3,2.5,Capitol Hill,1766,1137,2018,11,680,,Active,,,http://www.redfin.com/WA/Seattle/1106-14th-Ave-98122/unit-B/home/144837336,NWMLS,1243111,N,Y,47.6117727,-122.3141266
MLS Listing,,Single Family Residential,8710 38th Ave NE,Seattle,WA,98115,875000,4,1.75,Wedgwood,1610,5000,1953,11,543,,Active,,,http://www.redfin.com/WA/Seattle/8710-38th-Ave-NE-98115/home/315526,NWMLS,1243686,N,Y,47.6920688,-122.2877305
MLS Listing,,Townhouse,7433 C 4th Ave NE,Seattle,WA,98103,899950,2,1.75,Green Lake,1302,846,2018,11,691,100,Active,,,http://www.redfin.com/WA/Seattle/7433-4th-Ave-NE-98115/home/306751,NWMLS,1243189,N,Y,47.68258,-122.3250432
MLS Listing,,Townhouse,9030 14th Ave NW Unit A,Seattle,WA,98117,699000,2,1.5,Crown Hill,1427,900,2018,11,490,,Active,,,http://www.redfin.com/WA/Seattle/9030-14th-Ave-NW-98117/unit-A/home/144836547,NWMLS,1243048,N,Y,47.6952093,-122.3737329
MLS Listing,,Single Family Residential,1245 NW 126th St,Seattle,WA,98177,1950000,5,3,Broadview,3060,9882,1970,11,637,,Active,February-25-2018 01:00 PM,February-25-2018 02:00 PM,http://www.redfin.com/WA/Seattle/1245-NW-126th-St-98177/home/288768,NWMLS,1238870,N,Y,47.7198388,-122.3739904
MLS Listing,,Single Family Residential,10005 16th Ave S,Seattle,WA,98168,750000,5,3,Boulevard Park,2900,9450,2007,12,259,,Active,,,http://www.redfin.com/WA/Seattle/10005-16th-Ave-S-98168/home/18666365,NWMLS,1243685,N,Y,47.513656,-122.312795
MLS Listing,,Single Family Residential,3247 Cascadia Ave S,Seattle,WA,98144,1998000,3,3,Mt Baker,3560,5448,1909,12,561,,Active,,,http://www.redfin.com/WA/Seattle/3247-Cascadia-Ave-S-98144/home/488804,NWMLS,1243164,N,Y,47.573876,-122.283744
MLS Listing,,Single Family Residential,12727 8th Ave NE,Seattle,WA,98125,425000,2,1.5,Pinehurst,1050,6016,1950,12,405,,Active,,,http://www.redfin.com/WA/Seattle/12727-8th-Ave-NE-98125/home/116085,NWMLS,1241863,N,Y,47.7221288,-122.3211098
MLS Listing,,Condo/Co-op,588 Bell St Unit 813S,Seattle,WA,98121,1349000,2,1.75,Belltown,1596,,2015,12,845,1112,Active,,,http://www.redfin.com/WA/Seattle/588-Bell-St-98121/unit-813S/home/53572061,NWMLS,1242041,N,Y,47.6164498,-122.3428091
MLS Listing,,Single Family Residential,1014 E Denny Wy,Seattle,WA,98122,2299995,6,4,Capitol Hill,3040,2401,1905,12,757,,Active,,,http://www.redfin.com/WA/Seattle/1014-E-Denny-Way-98122/home/143618,NWMLS,1243663,N,Y,47.6189294,-122.3187938
MLS Listing,,Condo/Co-op,1321 Seneca St #1804,Seattle,WA,98101,1500000,2,1.75,First Hill,1534,,2016,12,978,1159,Active,,,http://www.redfin.com/WA/Seattle/1321-Seneca-St-98101/unit-1804/home/79147536,NWMLS,1242043,N,Y,47.6118785,-122.3231605
MLS Listing,,Townhouse,921 B 28th Ave S,Seattle,WA,98144,699950,2,1.5,Judkins,1283,887,2018,12,546,,Active,,,http://www.redfin.com/WA/Seattle/921-28th-Ave-S-98144/home/148958,NWMLS,1242707,N,Y,47.5940074,-122.2969961
MLS Listing,,Multi-Family (5+ Unit),4636 4640 22nd Ave NE Unit 1-12,Seattle,WA,98105,3700000,11,6,University District,11880,10500,1948,12,311,,Active,,,http://www.redfin.com/WA/Seattle/4640-22nd-Ave-NE-98105/unit-1-12/home/144834870,NWMLS,1243001,N,Y,47.6629687,-122.3037232
MLS Listing,,Single Family Residential,3244 NE 92nd St,Seattle,WA,98115,1399950,4,2.25,Wedgwood,2840,5289,2018,12,493,,Active,,,http://www.redfin.com/WA/Seattle/3244-NE-92nd-St-98115/home/113996007,NWMLS,1241711,N,Y,47.695917,-122.291372
MLS Listing,,Condo/Co-op,6110 24th Ave NW #201,Seattle,WA,98107,459000,2,1.75,Ballard,789,11798,1968,12,582,352,Active,,,http://www.redfin.com/WA/Seattle/6110-24th-Ave-NW-98107/unit-201/home/144834824,NWMLS,1243323,N,Y,47.6735977,-122.3871235
MLS Listing,,Condo/Co-op,2911 2nd Ave #112,Seattle,WA,98121,635000,1,1.5,Belltown,1005,25439,2009,12,632,725,Active,,,http://www.redfin.com/WA/Seattle/2911-2nd-Ave-98121/unit-112/home/21617306,NWMLS,1241686,N,Y,47.6176091,-122.3523038
MLS Listing,,Single Family Residential,9108 17th Ave NE,Seattle,WA,98115,799888,3,2.5,Maple Leaf,1840,5328,1938,12,435,,Active,,,http://www.redfin.com/WA/Seattle/9108-17th-Ave-NE-98115/home/108135,NWMLS,1242661,N,Y,47.6951412,-122.3092058
MLS Listing,,Single Family Residential,1653 Federal Ave E,Seattle,WA,98102,2688000,5,3,North Capitol Hill,5360,5000,1909,12,501,,Active,,,http://www.redfin.com/WA/Seattle/1653-Federal-Ave-E-98102/home/137064,NWMLS,1240471,N,Y,47.634579,-122.3193202
MLS Listing,,Moorage,,Seattle,WA,98102,435000,0,,Portage Bay,,,2018,12,,361,Active,,,http://www.redfin.com/WA/Seattle/Undisclosed-address-98102/home/113754188,NWMLS,1243019,N,Y,47.64619563,-122.3158661
MLS Listing,,Single Family Residential,9220 37th Ave SW,Seattle,WA,98126,485000,2,1,Fauntleroy,870,10360,1948,12,557,,Active,,,http://www.redfin.com/WA/Seattle/9220-37th-Ave-SW-98126/home/155462,NWMLS,1236934,N,Y,47.5204757,-122.3791134
MLS Listing,,Single Family Residential,2854 39th Ave W,Seattle,WA,98199,1249000,3,1.75,Magnolia,3080,6255,1949,12,406,,Active,February-20-2018 11:30 AM,February-20-2018 01:00 PM,http://www.redfin.com/WA/Seattle/2854-39th-Ave-W-98199/home/126677,NWMLS,1234723,N,Y,47.6465889,-122.4065896
MLS Listing,,Condo/Co-op,588 Bell St Unit 2603S,Seattle,WA,98121,1300000,2,2,Belltown,1156,,2015,12,1125,794,Active,,,http://www.redfin.com/WA/Seattle/588-Bell-St-98121/unit-2603S/home/144392875,NWMLS,1242924,N,Y,47.6166523,-122.3429057
MLS Listing,,Condo/Co-op,2043 Minor Ave E #4,Seattle,WA,98102,989000,2,2.5,Eastlake,1435,23295,1989,12,689,647,Active,,,http://www.redfin.com/WA/Seattle/2043-Minor-Ave-E-98102/unit-4/home/787,NWMLS,1242646,N,Y,47.6380262,-122.3285996
MLS Listing,,Single Family Residential,4216 NE 124th St,Seattle,WA,98125,1375000,4,3.5,Cedar Park,4020,8400,1986,12,342,,Active,,,http://www.redfin.com/WA/Seattle/4216-NE-124th-St-98125/home/319596,NWMLS,1242237,N,Y,47.7185032,-122.2824965
MLS Listing,,Single Family Residential,4510 2nd Ave NE,Seattle,WA,98105,900000,5,1.75,Wallingford,2550,4080,1906,12,353,,Active,,,http://www.redfin.com/WA/Seattle/4510-2nd-Ave-NE-98105/home/118311,NWMLS,1242590,N,Y,47.6617963,-122.3269468
MLS Listing,,Single Family Residential,321 23rd Ave E,Seattle,WA,98112,1050000,3,2.5,Capitol Hill,2180,3751,2000,12,482,,Active,,,http://www.redfin.com/WA/Seattle/321-23rd-Ave-E-98112/home/145328,NWMLS,1232510,N,Y,47.6220675,-122.3028022
MLS Listing,,Single Family Residential,6412 31st Ave S,Seattle,WA,98108,719900,5,3,Beacon Hill,2210,5739,2006,13,326,,Active,,,http://www.redfin.com/WA/Seattle/6412-31st-Ave-S-98108/home/12317598,NWMLS,1242803,N,Y,47.544571,-122.292186
MLS Listing,,Single Family Residential,1121 38th Ave E,Seattle,WA,98112,2950000,4,3,Washington Park,4045,7200,1928,13,729,,Active,,,http://www.redfin.com/WA/Seattle/1121-38th-Ave-E-98112/home/140057,NWMLS,1242873,N,Y,47.6292374,-122.2844489
MLS Listing,,Single Family Residential,1620 E Boston Terr,Seattle,WA,98112,2295000,5,4.75,North Capitol Hill,5229,33500,1940,13,439,,Active,,,http://www.redfin.com/WA/Seattle/1620-E-Boston-Ter-98112/home/137049,NWMLS,1242228,N,Y,47.6383549,-122.311916
MLS Listing,,Condo/Co-op,303 13th Ave E #202,Seattle,WA,98102,599000,2,2,Capitol Hill,984,8982,1980,13,609,554,Active,,,http://www.redfin.com/WA/Seattle/303-13th-Ave-E-98102/unit-202/home/33549,NWMLS,1242731,N,Y,47.6213262,-122.3160387
MLS Listing,,Single Family Residential,3444 Beach Dr SW,Seattle,WA,98116,2075000,3,2.75,Beach Drive,2880,6000,1973,13,720,,Active,,,http://www.redfin.com/WA/Seattle/3444-Beach-Dr-SW-98116/home/151066,NWMLS,1235430,N,Y,47.573393,-122.4150693
MLS Listing,,Multi-Family (2-4 Unit),121 28th Ave S,Seattle,WA,98144,794000,3,3,Leschi,1410,1900,1919,13,563,,Active,,,http://www.redfin.com/WA/Seattle/121-28th-Ave-S-98144/unit-A/home/148887,NWMLS,1242104,N,Y,47.6010026,-122.2960023
MLS Listing,,Condo/Co-op,1906 Franklin Place E #202,Seattle,WA,98102,754900,3,2.75,Eastlake,1713,,2000,14,441,608,Active,,,http://www.redfin.com/WA/Seattle/1906-Franklin-Pl-E-98102/unit-202/home/70426,NWMLS,1242571,N,Y,47.6359065,-122.3240733
MLS Listing,,Condo/Co-op,11600 Rainier Ave S #305,Seattle,WA,98178,285000,3,1.5,Bryn Mawr,1139,32000,1967,14,250,320,Active,,,http://www.redfin.com/WA/Seattle/11600-Rainier-Ave-S-98178/unit-305/home/39855,NWMLS,1242577,N,Y,47.4991023,-122.2198775
MLS Listing,,Single Family Residential,615 15th Ave E,Seattle,WA,98112,1875000,6,4.5,Capitol Hill,2720,4628,1903,14,689,,Active,,,http://www.redfin.com/WA/Seattle/615-15th-Ave-E-98112/home/142478,NWMLS,1242435,N,Y,47.6246921,-122.3129142
MLS Listing,,Single Family Residential,7902 3rd Ave NW,Seattle,WA,98117,695000,3,1.5,Greenwood,1870,6240,1908,14,372,,Active,,,http://www.redfin.com/WA/Seattle/7902-3rd-Ave-NW-98117/home/498354,NWMLS,1242147,N,Y,47.6863744,-122.360323
MLS Listing,,Condo/Co-op,1107 1st Ave #707,Seattle,WA,98101,900000,1,1.5,Downtown,1000,13261,1983,14,900,644,Active,February-20-2018 12:00 AM,February-20-2018 02:00 PM,http://www.redfin.com/WA/Seattle/1107-1st-Ave-98101/unit-707/home/67002,NWMLS,1241714,N,Y,47.6054845,-122.3374267
MLS Listing,,Single Family Residential,4134 SW Orchard St,Seattle,WA,98136,438750,2,1,Gatewood,1200,10656,1918,14,366,,Active,,,http://www.redfin.com/WA/Seattle/4134-SW-Orchard-St-98136/home/468868,NWMLS,1242074,N,Y,47.5391369,-122.384836
MLS Listing,,Single Family Residential,9330 California Dr SW,Seattle,WA,98136,1195000,3,2.5,Fauntleroy,3110,5650,2005,14,384,,Active,,,http://www.redfin.com/WA/Seattle/9330-California-Dr-SW-98136/home/2077609,NWMLS,1241611,N,Y,47.5195739,-122.3882756
MLS Listing,,Single Family Residential,310 W Highland Dr,Seattle,WA,98119,3750000,4,3.75,Queen Anne,4970,8226,1929,15,755,,Active,,,http://www.redfin.com/WA/Seattle/310-W-Highland-Dr-98119/home/133733,NWMLS,1232533,N,Y,47.6298593,-122.3611252
MLS Listing,,Condo/Co-op,80 S Jackson St #307,Seattle,WA,98104,749900,1,1,Pioneer Square,1405,,1900,15,534,416,Active,,,http://www.redfin.com/WA/Seattle/80-S-Jackson-St-98104/unit-307/home/30857,NWMLS,1241698,N,Y,47.5993681,-122.3346989
MLS Listing,,Single Family Residential,160 Highland Dr,Seattle,WA,98109,3795000,5,6.5,Queen Anne,6426,7710,2010,15,591,,Active,,,http://www.redfin.com/WA/Seattle/160-Highland-Dr-98109/home/133848,NWMLS,1241561,N,Y,47.6299702,-122.3536172
MLS Listing,,Single Family Residential,912 NW 51st St Unit B,Seattle,WA,98107,579900,1,1.5,Ballard,699,945,2009,15,830,,Active,February-21-2018 12:30 PM,February-21-2018 02:30 PM,http://www.redfin.com/WA/Seattle/912-NW-51st-St-98107/unit-B/home/25674637,NWMLS,1236438,N,Y,47.665927,-122.369259
MLS Listing,,Condo/Co-op,1200 Boylston Ave #700,Seattle,WA,98101,529000,2,0.75,First Hill,800,10796,1960,16,661,702,Active,,,http://www.redfin.com/WA/Seattle/1200-Boylston-Ave-98101/unit-700/home/70465,NWMLS,1241481,N,Y,47.6124512,-122.322985
MLS Listing,,Single Family Residential,10057 Arrowsmith Ave S,Seattle,WA,98178,680000,3,1.5,Upper Rainier Beach,1960,5198,1953,17,347,,Active,,,http://www.redfin.com/WA/Seattle/10057-Arrowsmith-Ave-S-98178/home/177570,NWMLS,1241440,N,Y,47.5113472,-122.249995
MLS Listing,,Single Family Residential,11027 Arroyo Beach Place SW,Seattle,WA,98146,1540000,0,,Arroyo,2200,21386,1947,17,700,,Active,,,http://www.redfin.com/WA/Seattle/11027-Arroyo-Beach-Pl-SW-98146/home/156678,NWMLS,1241341,N,Y,47.5039019,-122.3873255
MLS Listing,,Single Family Residential,219 SW 110th St #3,Seattle,WA,98146,395000,4,2.5,Seattle,2219,3060,2005,18,178,310,Active,,,http://www.redfin.com/WA/Seattle/219-SW-110th-St-98146/unit-3/home/2089913,NWMLS,1238520,N,Y,47.504708,-122.3369562
MLS Listing,,Townhouse,708 S Willow St,Seattle,WA,98108,719500,2,2.25,Georgetown,1383,1198,2018,18,520,,Active,,,http://www.redfin.com/WA/Seattle/708-S-Willow-St-98108/home/144801733,NWMLS,1239770,N,Y,47.541376,-122.3230592
MLS Listing,,Single Family Residential,1711 25th Ave,Seattle,WA,98122,1248000,3,2.25,Madison Valley,1922,1486,2018,18,649,,Active,,,http://www.redfin.com/WA/Seattle/1711-25th-Ave-98122/home/2076793,NWMLS,1240557,N,Y,47.6168082,-122.3004135
MLS Listing,,Single Family Residential,1910 NE 107th Place,Seattle,WA,98125,1789000,5,3.25,Maple Leaf,3812,4500,2018,18,469,,Active,,,http://www.redfin.com/WA/Seattle/1910-NE-107th-St-98125/home/106665,NWMLS,1239473,N,Y,47.7068401,-122.3075093
MLS Listing,,Condo/Co-op,588 Bell St Unit 2203S,Seattle,WA,98121,1299000,2,2,Belltown,1156,41847,2015,18,1124,799,Active,February-24-2018 01:00 PM,February-24-2018 03:00 PM,http://www.redfin.com/WA/Seattle/588-Bell-St-98121/unit-2203S/home/102184441,NWMLS,1240629,N,Y,47.6164498,-122.3428091
MLS Listing,,Condo/Co-op,6321 Seaview Ave NW #21,Seattle,WA,98107,995000,2,2,Sunset Hill,1210,80175,1982,18,822,797,Active,,,http://www.redfin.com/WA/Seattle/6321-Seaview-Ave-NW-98107/unit-21/home/67428,NWMLS,1238525,N,Y,47.6744489,-122.4082576
MLS Listing,,Single Family Residential,4312 SW Henderson St,Seattle,WA,98136,850000,2,2.25,Fauntleroy,2470,7000,1984,18,344,,Active,,,http://www.redfin.com/WA/Seattle/4312-SW-Henderson-St-98136/home/157512,NWMLS,1235677,N,Y,47.5236717,-122.3880428
MLS Listing,,Mobile/Manufactured Home,1209 S Henderson St,Seattle,WA,98108,390000,3,2,South Park,1404,6000,2004,18,278,,Active,,,http://www.redfin.com/WA/Seattle/1209-S-Henderson-St-98108/home/2076327,NWMLS,1240532,N,Y,47.5228312,-122.3172303
MLS Listing,,Single Family Residential,1900 6th Ave W,Seattle,WA,98119,1000000,3,2.75,Queen Anne,3062,2085,1904,19,327,,Active,,,http://www.redfin.com/WA/Seattle/1900-6th-Ave-W-98119/home/2076405,NWMLS,1240762,N,Y,47.6360546,-122.3647154
MLS Listing,,Condo/Co-op,610 Aloha St #403,Seattle,WA,98109,679800,2,1.5,Queen Anne,1048,10377,1974,19,649,355,Active,,,http://www.redfin.com/WA/Seattle/610-Aloha-St-98109/unit-403/home/6587,NWMLS,1240023,N,Y,47.6273911,-122.3442931
MLS Listing,,Townhouse,6010 B California Ave SW,Seattle,WA,98136,719950,4,2.5,Seaview,1550,1159,2018,19,464,,Active,February-20-2018 03:00 PM,February-20-2018 05:00 PM,http://www.redfin.com/WA/Seattle/6010-California-Ave-SW-98136/unit-1-7/home/470874,NWMLS,1240263,N,Y,47.5480572,-122.3868033
MLS Listing,,Vacant Land,Ferry Ave SW,Seattle,WA,98116,250000,0,,Alki,,4496,,19,,,Active,,,http://www.redfin.com/WA/Seattle/Ferry-Ave-SW-98116/home/101378814,NWMLS,1239442,N,Y,47.587874,-122.384034
MLS Listing,,Condo/Co-op,701 Galer St #805,Seattle,WA,98109,600000,2,1.75,Westlake,990,,1992,19,606,359,Active,,,http://www.redfin.com/WA/Seattle/701-Galer-St-98109/unit-805/home/7464,NWMLS,1237194,N,Y,47.6322026,-122.3429563
MLS Listing,,Single Family Residential,4435 S Camano Place,Seattle,WA,98118,675000,4,3.75,Seattle,2890,7050,2009,19,234,,Active,,,http://www.redfin.com/WA/Seattle/4435-S-Camano-Pl-98118/home/174855,NWMLS,1238987,N,Y,47.5272558,-122.2765059
MLS Listing,,Townhouse,3625 D Evanston Ave N #4,Seattle,WA,98103,950000,2,2,Fremont,1302,1374,2018,19,730,,Active,,,http://www.redfin.com/WA/Seattle/3625-Evanston-Ave-N-98103/unit-4/home/144798281,NWMLS,1240047,N,Y,47.6523754,-122.3515944
MLS Listing,,Single Family Residential,9515 Sand Point Way NE,Seattle,WA,98115,949900,8,3.75,Sand Point,3950,14400,1974,19,240,,Active,,,http://www.redfin.com/WA/Seattle/9515-Sand-Point-Way-NE-98115/home/144133375,NWMLS,1240442,N,Y,47.6980108,-122.2781366
MLS Listing,,Single Family Residential,2139 Harbor Ave SW,Seattle,WA,98126,1299500,3,2.5,Alki,1873,1293,2017,19,694,,Active,,,http://www.redfin.com/WA/Seattle/2139-Harbor-Ave-SW-98126/home/150893,NWMLS,1240401,N,Y,47.5845163,-122.3755661
MLS Listing,,Vacant Land,8421 Rainier Place S,Seattle,WA,98118,425000,0,,Rainier Beach,,4628,,19,,,Active,,,http://www.redfin.com/WA/Seattle/8421-Rainier-Pl-S-98118/home/22239533,NWMLS,1235936,N,Y,47.5271669,-122.2702178
MLS Listing,,Condo/Co-op,17 W Mercer St #213,Seattle,WA,98119,499888,1,1,Queen Anne,704,25229,2004,19,710,368,Active,,,http://www.redfin.com/WA/Seattle/17-W-Mercer-St-98119/unit-213/home/68410,NWMLS,1239416,N,Y,47.6243883,-122.3574755
MLS Listing,,Single Family Residential,5552 NE Windermere Rd,Seattle,WA,98105,4295000,5,4.5,Windermere,6610,15900,2000,19,650,,Active,February-21-2018 11:00 AM,February-21-2018 01:00 PM,http://www.redfin.com/WA/Seattle/5552-NE-Windermere-Rd-98105/home/121103,NWMLS,1240356,N,Y,47.667826,-122.2666383
MLS Listing,,Single Family Residential,1031 23rd Ave E,Seattle,WA,98112,2649000,5,3.75,Capitol Hill,4822,5466,1909,19,549,,Active,,,http://www.redfin.com/WA/Seattle/1031-23rd-Ave-E-98112/home/137342,NWMLS,1239776,N,Y,47.6283471,-122.3027154
MLS Listing,,Vacant Land,4201 23rd Ave W,Seattle,WA,98199,900000,0,,Magnolia,,4560,,19,,,Active,,,http://www.redfin.com/WA/Seattle/4201-23rd-Ave-W-98199/home/144796901,NWMLS,1238320,N,Y,47.6576362,-122.3859429
MLS Listing,,Single Family Residential,356 Galer St,Seattle,WA,98109,2495000,4,2.25,Queen Anne,4710,6191,1905,19,530,,Active,,,http://www.redfin.com/WA/Seattle/356-Galer-St-98109/home/132492,NWMLS,1240259,N,Y,47.6325662,-122.3502988
MLS Listing,,Single Family Residential,7401 25th Ave NE,Seattle,WA,98115,1199999,4,2.5,University District,2350,6204,1978,20,511,,Active,,,http://www.redfin.com/WA/Seattle/7401-25th-Ave-NE-98115/home/309176,NWMLS,1240152,N,Y,47.6821072,-122.3010645
MLS Listing,,Single Family Residential,1117 36th Ave E,Seattle,WA,98112,7400000,6,5,Washington Park,12690,18840,1909,20,583,,Active,,,http://www.redfin.com/WA/Seattle/1117-36th-Ave-E-98112/home/139835,NWMLS,1238665,N,Y,47.6291193,-122.2872071
MLS Listing,,Single Family Residential,12544 37th Ave NE,Seattle,WA,98125,450000,2,1,Cedar Park,1000,7246,1947,20,450,,Active,,,http://www.redfin.com/WA/Seattle/12544-37th-Ave-NE-98125/home/111007,NWMLS,1238978,N,Y,47.720609,-122.2881073
MLS Listing,,Vacant Land,2362 Halleck Ave SW,Seattle,WA,98116,299950,0,,Alki,,3120,,20,,,Active,,,http://www.redfin.com/WA/Seattle/2362-Halleck-Ave-SW-98116/home/144795073,NWMLS,1239928,N,Y,47.5826745,-122.4007279
MLS Listing,,Single Family Residential,6013 25th Ave NE,Seattle,WA,98115,849900,3,2,Ravenna,1470,4100,1911,20,578,,Active,,,http://www.redfin.com/WA/Seattle/6013-25th-Ave-NE-98115/home/308406,NWMLS,1239742,N,Y,47.6726012,-122.3008853
MLS Listing,,Single Family Residential,4416 Francis Ave N Unit B,Seattle,WA,98103,979999,3,2.25,Fremont,1743,1261,2018,20,562,,Active,February-24-2018 11:00 AM,February-24-2018 01:00 PM,http://www.redfin.com/WA/Seattle/4416-Francis-Ave-N-98103/unit-B/home/144794578,NWMLS,1235928,N,Y,47.6607639,-122.353093
MLS Listing,,Vacant Land,E Marginal Wy S,Seattle,WA,98108,574500,0,,Georgetown,,3584,,21,,,Active,,,http://www.redfin.com/WA/Seattle/E-Marginal-Way-S-98108/home/143797379,NWMLS,1239391,N,Y,47.548078,-122.33391
MLS Listing,,Single Family Residential,2000 28 Ave S,Seattle,WA,98144,827000,3,2.25,Mt Baker,1470,6000,1984,21,563,,Active,,,http://www.redfin.com/WA/Seattle/2000-28th-Ave-S-98144/home/170943,NWMLS,1229197,N,Y,47.5853007,-122.2961375
MLS Listing,,Condo/Co-op,840 NE 125th St #305,Seattle,WA,98125,329950,2,2,Pinehurst,857,23182,1988,21,385,480,Active,,,http://www.redfin.com/WA/Seattle/840-NE-125th-St-98125/unit-305/home/12537588,NWMLS,1238778,N,Y,47.7197022,-122.3187903
MLS Listing,,Condo/Co-op,408 Bellevue Ave E #101,Seattle,WA,98102,388000,1,1,Capitol Hill,700,,1929,24,554,658,Active,,,http://www.redfin.com/WA/Seattle/408-Bellevue-Ave-E-98102/unit-101/home/144780795,NWMLS,1238672,N,Y,47.6223217,-122.3262297
MLS Listing,,Condo/Co-op,603 13th Ave E #2000,Seattle,WA,98102,450000,1,1,Capitol Hill,712,7413,1959,24,632,377,Active,,,http://www.redfin.com/WA/Seattle/603-13th-Ave-E-98102/unit-2000/home/12029,NWMLS,1238626,N,Y,47.6244332,-122.3160169
MLS Listing,,Single Family Residential,1235 NE 88th St Unit B,Seattle,WA,98115,1095000,3,2.25,Maple Leaf,2445,5001,2018,24,448,,Active,,,http://www.redfin.com/WA/Seattle/1235-NE-88th-St-98115/unit-B/home/144767952,NWMLS,1236351,N,Y,47.69203,-122.3133201
MLS Listing,,Single Family Residential,223 W McGraw St,Seattle,WA,98119,1400000,3,1.75,Queen Anne,2680,2360,1916,24,522,,Active,,,http://www.redfin.com/WA/Seattle/223-W-McGraw-St-98119/home/133651,NWMLS,1238584,N,Y,47.6393969,-122.3607269
MLS Listing,,Townhouse,8775 Phinney Ave N,Seattle,WA,98103,879950,3,1.75,Greenwood,1552,808,2018,24,567,,Active,,,http://www.redfin.com/WA/Seattle/8775-Phinney-Ave-N-98103/home/144776761,NWMLS,1238331,N,Y,47.6940965,-122.3539567
MLS Listing,,Condo/Co-op,3314 NE 65th St #105,Seattle,WA,98115,601990,1,1.5,Bryant,962,,2017,25,626,484,Active,,,http://www.redfin.com/WA/Seattle/3314-NE-65th-St-98115/unit-105/home/144771722,NWMLS,1238471,N,Y,47.675784,-122.2921232
MLS Listing,,Condo/Co-op,1512 California Ave SW #401,Seattle,WA,98116,1200000,3,2.5,North Admiral,2325,5500,1986,25,516,1109,Active,,,http://www.redfin.com/WA/Seattle/1512-California-Ave-SW-98116/unit-401/home/48599,NWMLS,1230395,N,Y,47.5901453,-122.3858165
MLS Listing,,Condo/Co-op,202 W Olympic Place #301,Seattle,WA,98119,653000,2,1.5,Queen Anne,1187,,1979,25,550,449,Active,,,http://www.redfin.com/WA/Seattle/202-W-Olympic-Pl-98119/unit-301/home/6804,NWMLS,1237880,N,Y,47.6270212,-122.3596849
MLS Listing,,Townhouse,7309 Bainbridge Place SW,Seattle,WA,98136,850000,3,3.25,Lincoln Park,2280,1600,2014,25,373,,Active,,,http://www.redfin.com/WA/Seattle/7309-Bainbridge-Pl-SW-98136/home/59703354,NWMLS,1233838,N,Y,47.5376901,-122.3920477
MLS Listing,,Single Family Residential,3923 Corliss Ave N,Seattle,WA,98103,1195000,4,2,Wallingford,1860,5700,1901,25,642,,Active,,,http://www.redfin.com/WA/Seattle/3923-Corliss-Ave-N-98103/home/119466,NWMLS,1238119,N,Y,47.6550018,-122.3317233
MLS Listing,,Condo/Co-op,530 Melrose Ave E #302,Seattle,WA,98102,450000,1,1,Capitol Hill,590,,1991,25,763,454,Active,,,http://www.redfin.com/WA/Seattle/530-Melrose-Ave-E-98102/unit-302/home/35051,NWMLS,1236481,N,Y,47.6240369,-122.3275395
MLS Listing,,Condo/Co-op,5440 Leary Ave NW #232,Seattle,WA,98107,460000,1,1,Ballard,662,,2007,25,695,269,Active,,,http://www.redfin.com/WA/Seattle/5440-Leary-Ave-NW-98107/unit-232/home/17383077,NWMLS,1238254,N,Y,47.6677862,-122.3827239
MLS Listing,,Single Family Residential,4038 Whitman Ave N,Seattle,WA,98103,1100000,4,1.75,Fremont,2730,2920,1921,25,403,,Active,,,http://www.redfin.com/WA/Seattle/4038-Whitman-Ave-N-98103/home/119182,NWMLS,1236414,N,Y,47.6565326,-122.3456417
MLS Listing,,Single Family Residential,12221 8th Ave NW,Seattle,WA,98177,1425000,4,4.5,Broadview,4000,11612,1937,25,356,,Active,February-24-2018 01:00 PM,February-24-2018 03:00 PM,http://www.redfin.com/WA/Seattle/12221-8th-Ave-NW-98177/home/291120,NWMLS,1236960,N,Y,47.7183869,-122.3666814
MLS Listing,,Multi-Family (2-4 Unit),1524 14th Ave S,Seattle,WA,98144,1650000,9,6.25,N Beacon Hill,3152,4400,1903,26,523,,Active,,,http://www.redfin.com/WA/Seattle/1524-14th-Ave-S-98144/home/40265287,NWMLS,1238084,N,Y,47.5892897,-122.3145612
MLS Listing,,Townhouse,4426 Evanston Ave N,Seattle,WA,98103,1075000,3,1.75,Fremont,1616,1110,2017,26,665,,Active,,,http://www.redfin.com/WA/Seattle/4426-Evanston-Ave-N-98103/home/144466644,NWMLS,1237364,N,Y,47.6610094,-122.3507271
MLS Listing,,Townhouse,2356 C Franklin Ave E,Seattle,WA,98102,939950,3,2,Eastlake,1503,1062,2017,26,625,,Active,,,http://www.redfin.com/WA/Seattle/2356-Franklin-Ave-E-98102/unit-C/home/113995503,NWMLS,1237131,N,Y,47.6413563,-122.3243575
MLS Listing,,Townhouse,3816 22nd Ave SW,Seattle,WA,98106,779950,3,2,Pigeon Point,1735,1245,2017,26,450,,Active,,,http://www.redfin.com/WA/Seattle/3816-22nd-Ave-SW-98106/home/160309,NWMLS,1232169,N,Y,47.569781,-122.360686
MLS Listing,,Single Family Residential,1323 3rd Ave W,Seattle,WA,98119,2295000,5,3.25,Queen Anne,4520,5922,1900,26,508,,Active,February-20-2018 11:00 AM,February-20-2018 01:00 PM,http://www.redfin.com/WA/Seattle/1323-3rd-Ave-W-98119/home/133727,NWMLS,1237186,N,Y,47.6312007,-122.3608792
MLS Listing,,Single Family Residential,2222 E Crescent Dr,Seattle,WA,98112,2195000,5,3,Capitol Hill,4700,10125,1907,27,467,,Active,,,http://www.redfin.com/WA/Seattle/2222-E-Crescent-Dr-98112/home/136409,NWMLS,1236611,N,Y,47.6333735,-122.3024645
MLS Listing,,Condo/Co-op,2301 Fairview Ave E #215,Seattle,WA,98102,925000,2,1.5,Eastlake,913,,1968,27,1013,518,Active,,,http://www.redfin.com/WA/Seattle/2301-Fairview-Ave-E-98102/unit-215/home/22956,NWMLS,1237233,N,Y,47.6400949,-122.3300722
MLS Listing,,Single Family Residential,6246 33rd Ave NE,Seattle,WA,98115,2095000,5,3.5,Bryant,3611,5000,2018,27,580,,Active,,,http://www.redfin.com/WA/Seattle/6246-33rd-Ave-NE-98115/home/312703,NWMLS,1236910,N,Y,47.6753849,-122.2919299
MLS Listing,,Single Family Residential,6306 Wilson Ave S,Seattle,WA,98118,1085000,5,2.25,Seward Park,3420,6240,1930,27,317,,Active,,,http://www.redfin.com/WA/Seattle/6306-Wilson-Ave-S-98118/home/489402,NWMLS,1236867,N,Y,47.5457901,-122.2634772
MLS Listing,,Single Family Residential,10358 Riviera Place NE,Seattle,WA,98125,1200000,2,2.5,Matthews Beach,1560,1736,1990,27,769,,Active,,,http://www.redfin.com/WA/Seattle/10358-Riviera-Pl-NE-98125/home/319055,NWMLS,1235310,N,Y,47.7043548,-122.2746059
MLS Listing,,Condo/Co-op,1200 Boylston Ave #300,Seattle,WA,98101,489000,2,1,First Hill,800,10796,1960,27,611,585,Active,,,http://www.redfin.com/WA/Seattle/1200-Boylston-Ave-98101/unit-300/home/20784,NWMLS,1237346,N,Y,47.6124512,-122.322985
MLS Listing,,Condo/Co-op,3104 Western Ave #103,Seattle,WA,98121,629000,1,1.5,Belltown,1109,25853,2008,27,567,730,Active,,,http://www.redfin.com/WA/Seattle/3104-Western-Ave-98121/unit-103/home/17382860,NWMLS,1236159,N,Y,47.6181731,-122.3560665
MLS Listing,,Condo/Co-op,1105 Spring St #801,Seattle,WA,98104,380000,1,1,First Hill,550,15360,1950,28,691,424,Active,,,http://www.redfin.com/WA/Seattle/1105-Spring-St-98104/unit-801/home/11905732,NWMLS,1236754,N,Y,47.6099737,-122.3252597
MLS Listing,,Condo/Co-op,1521 2nd Ave #2100,Seattle,WA,98101,2900000,2,1.75,Seattle,1824,,2008,28,1590,1289,Active,,,http://www.redfin.com/WA/Seattle/116-Pike-St-98101/unit-2100/home/21616643,NWMLS,1234631,N,Y,47.6093556,-122.3395072
MLS Listing,,Single Family Residential,708 S Director St,Seattle,WA,98108,299950,2,1,South Park,580,6000,1951,28,517,,Active,,,http://www.redfin.com/WA/Seattle/708-S-Director-St-98108/home/477313,NWMLS,1236555,N,Y,47.5223808,-122.3251981
MLS Listing,,Single Family Residential,7502 Ridge Dr NE,Seattle,WA,98115,1699950,5,2.75,Sand Point,3240,8118,1940,28,525,67,Active,,,http://www.redfin.com/WA/Seattle/7502-Ridge-Dr-NE-98115/home/321421,NWMLS,1233902,N,Y,47.6837146,-122.2749578
MLS Listing,,Single Family Residential,1526 37th Ave E,Seattle,WA,98112,2275000,4,4,Madison Park,3886,4500,2008,28,585,,Active,,,http://www.redfin.com/WA/Seattle/1526-37th-Ave-E-98112/home/139492,NWMLS,1235190,N,Y,47.6330406,-122.2849791
MLS Listing,,Condo/Co-op,1321 Seneca St #607,Seattle,WA,98101,1150000,2,1.75,First Hill,1181,14401,2016,28,974,890,Active,February-25-2018 01:00 PM,February-25-2018 04:00 PM,http://www.redfin.com/WA/Seattle/1321-Seneca-St-98101/unit-607/home/104202623,NWMLS,1233311,N,Y,47.6118796,-122.3230731
MLS Listing,,Townhouse,1742 12th Ave S Unit B,Seattle,WA,98144,749999,2,1.5,Beacon Hill,1477,884,2018,29,508,,Active,,,http://www.redfin.com/WA/Seattle/1742-12th-Ave-S-98144/unit-B/home/144758854,NWMLS,1236423,N,Y,47.5871641,-122.3172927
MLS Listing,,Single Family Residential,4511 NE 38th St,Seattle,WA,98105,2195000,4,3,Laurelhurst,4044,9875,1938,29,543,,Active,,,http://www.redfin.com/WA/Seattle/4511-NE-38th-St-98105/home/122140,NWMLS,1235832,N,Y,47.655167,-122.27886
MLS Listing,,Single Family Residential,13845 S Des Moines Memorial Dr,Burien,WA,98168,495000,3,1.75,Boulevard Park,1520,18634,1954,31,326,,Active,,,http://www.redfin.com/WA/Burien/13845-Des-Moines-Memorial-Dr-S-98168/home/193327,NWMLS,1236105,N,Y,47.5087345,-122.3050193
MLS Listing,,Single Family Residential,5007 47th Ave S,Seattle,WA,98118,599950,4,1,Seward Park,2100,8196,1958,31,286,,Active,,,http://www.redfin.com/WA/Seattle/5007-47th-Ave-S-98118/home/490996,NWMLS,1235642,N,Y,47.5568717,-122.2747477
MLS Listing,,Multi-Family (2-4 Unit),8316 Wabash Ave S,Seattle,WA,98118,750000,7,4,Rainier Valley,3740,6000,1978,31,201,,Active,,,http://www.redfin.com/WA/Seattle/8316-Wabash-Ave-S-98118/home/2089767,NWMLS,1235634,N,Y,47.529122,-122.26901
MLS Listing,,Single Family Residential,11037 Palatine Ave N,Seattle,WA,98133,1495000,4,3.5,Broadview,3710,7560,2018,32,403,,Active,,,http://www.redfin.com/WA/Seattle/11037-Palatine-Ave-N-98133/home/96831,NWMLS,1235142,N,Y,47.709905,-122.3571106
MLS Listing,,Other,1818 Westlake Ave N Unit D18,Seattle,WA,98109,160000,1,0.75,South Lake Union,240,1,1984,32,667,945,Active,,,http://www.redfin.com/WA/Seattle/1818-Westlake-Ave-N-98109/unit-D18/home/126552788,NWMLS,1235908,N,Y,47.6353769,-122.3397872
MLS Listing,,Single Family Residential,5202 36th Ave SW,Seattle,WA,98126,550000,4,1,Fairmount,2140,3000,1922,32,257,,Active,,,http://www.redfin.com/WA/Seattle/5202-36th-Ave-SW-98126/home/471473,NWMLS,1234383,N,Y,47.5554485,-122.3773067
MLS Listing,,Other,1080 W Ewing Place,Seattle,WA,98119,330000,3,0.75,Queen Anne,500,1,2007,32,660,650,Active,,,http://www.redfin.com/WA/Seattle/1080-W-Ewing-Pl-98119/unit-765/home/143847794,NWMLS,1235823,N,Y,47.655881,-122.369542
MLS Listing,,Single Family Residential,4427 30th Ave W,Seattle,WA,98199,1695000,4,3.5,Magnolia,3643,4000,2017,32,465,,Active,,,http://www.redfin.com/WA/Seattle/4427-30th-Ave-W-98199/home/106395563,NWMLS,1231469,N,Y,47.6608111,-122.3961123
MLS Listing,,Multi-Family (5+ Unit),1771 NW 59th St,Seattle,WA,98107,1695000,9,6.5,Ballard,4668,4200,1971,32,363,,Active,,,http://www.redfin.com/WA/Seattle/1771-NW-59th-St-98107/home/2064135,NWMLS,1233835,N,Y,47.6714857,-122.3817939
MLS Listing,,Townhouse,4022 A Martin Luther King Jr. Wy S,Seattle,WA,98108,729950,3,2,Columbia City,1720,1453,2018,32,424,,Active,,,http://www.redfin.com/WA/Seattle/4022-Martin-Luther-King-Junior-Way-S-98108/home/144727428,NWMLS,1235636,N,Y,47.567376,-122.2964185
MLS Listing,,Single Family Residential,7536 43rd Ave S Unit E,Seattle,WA,98118,635000,3,2.5,Brighton,1356,1084,2018,33,468,40,Active,,,http://www.redfin.com/WA/Seattle/7536-43rd-Ave-S-98118/unit-E/home/144721121,NWMLS,1235317,N,Y,47.5340782,-122.2790534
MLS Listing,,Single Family Residential,1000 14th Ave E,Seattle,WA,98112,7500000,7,6.25,Capitol Hill,12280,16874,1914,33,611,,Active,,,http://www.redfin.com/WA/Seattle/1000-14th-Ave-E-98112/home/135946,NWMLS,1233422,N,Y,47.6279491,-122.314197
MLS Listing,,Condo/Co-op,4530 Meridian Ave N Unit S-6,Seattle,WA,98103,328000,1,1,Wallingford,443,11967,1985,33,740,398,Active,,,http://www.redfin.com/WA/Seattle/4530-Meridian-Ave-N-98103/unit-S6/home/23378,NWMLS,1234391,N,Y,47.6624014,-122.3334088
MLS Listing,,Townhouse,1228 B 5th Ave N,Seattle,WA,98109,995950,2,2,Queen Anne,1398,801,2017,34,712,,Active,,,http://www.redfin.com/WA/Seattle/1228-5th-Ave-N-98109/home/132271,NWMLS,1235127,N,Y,47.6306817,-122.3472126
MLS Listing,,Vacant Land,50 35th Ave SW,Seattle,WA,98126,325000,0,,Fairmount,,4720,,34,,,Active,,,http://www.redfin.com/WA/Seattle/50-35th-Ave-SW-Unknown/home/144717027,NWMLS,1232412,N,Y,47.555866,-122.376612
MLS Listing,,Vacant Land,2358 S Angeline St,Seattle,WA,98108,850000,0,,Beacon Hill,,16040,,34,,,Active,,,http://www.redfin.com/WA/Seattle/2358-S-Angeline-St-98108/home/168952,NWMLS,1233004,N,Y,47.560889,-122.301894
MLS Listing,,Single Family Residential,9911 6th Ave SW,Seattle,WA,98106,709800,4,3.25,Seattle,2485,3004,2018,35,286,68,Active,February-21-2018 12:00 PM,February-21-2018 03:00 PM,http://www.redfin.com/WA/Seattle/9911-6th-Ave-SW-98106/home/144712314,NWMLS,1233967,N,Y,47.5141489,-122.3421309
MLS Listing,,Single Family Residential,1700 Magnolia Wy W,Seattle,WA,98199,1998000,4,3,Magnolia,3090,6780,1946,35,647,,Active,,,http://www.redfin.com/WA/Seattle/1700-Magnolia-Way-W-98199/home/126499,NWMLS,1223908,N,Y,47.6341924,-122.3898444
MLS Listing,,Condo/Co-op,2607 Western Ave #257,Seattle,WA,98121,775000,1,1.5,Belltown,1131,28355,2002,36,685,729,Active,,,http://www.redfin.com/WA/Seattle/2607-Western-Ave-98121/unit-257/home/8595,NWMLS,1215973,N,Y,47.6147661,-122.3513007
MLS Listing,,Townhouse,7529 43rd Ave S,Seattle,WA,98118,549750,3,2,Brighton,1340,6331,2017,38,410,,Active,,,http://www.redfin.com/WA/Seattle/7529-43rd-Ave-S-98118/home/144700778,NWMLS,1233612,N,Y,47.5344599,-122.2791644
MLS Listing,,Single Family Residential,3812 22nd Ave SW,Seattle,WA,98106,739950,3,2,Pigeon Point,1684,2941,2017,38,439,,Active,,,http://www.redfin.com/WA/Seattle/3812-22nd-Ave-SW-98106/home/144695824,NWMLS,1231565,N,Y,47.569841,-122.3611298
